bioguide,id,first_name,last_name,birthday,gender,religion,address,district,party,phone,state,leg_type,url,latitude,longitude,age
B000944,N00003535,Sherrod,Brown,1952-11-09,M,Lutheran,"713 Hart Senate Office Building Washington DC 20510",13.0,Democrat,202-224-2315,OH,sen,https://www.brown.senate.gov,40.4172871,-82.907123,66
C000127,N00007836,Maria,Cantwell,1958-10-13,F,"Roman Catholic","511 Hart Senate Office Building Washington DC 20510",1.0,Democrat,202-224-3441,WA,sen,https://www.cantwell.senate.gov,47.7510741,-120.7401385,61
C000141,N00001955,Benjamin,Cardin,1943-10-05,M,Jewish,"509 Hart Senate Office Building Washington DC 20510",3.0,Democrat,202-224-4524,MD,sen,https://www.cardin.senate.gov,39.0457549,-76.6412712,76
C000174,N00012508,Thomas,Carper,1947-01-23,M,Presbyterian,"513 Hart Senate Office Building Washington DC 20510",0.0,Democrat,202-224-2441,DE,sen,http://www.carper.senate.gov/public,38.9108325,-75.5276699,72
C001070,N00027503,Robert,Casey,1960-04-13,M,,"393 Russell Senate Office Building Washington DC 20510",,Democrat,202-224-6324,PA,sen,https://www.casey.senate.gov,41.2033216,-77.1945247,59
C001071,N00027441,Bob,Corker,1952-08-24,M,,"425 Dirksen Senate Office Building Washington DC 20510",,Republican,202-224-3344,TN,sen,http://www.corker.senate.gov,35.5174913,-86.5804473,67
F000062,N00007364,Dianne,Feinstein,1933-06-22,F,Jewish,"331 Hart Senate Office Building Washington DC 20510",,Democrat,202-224-3841,CA,sen,http://www.feinstein.senate.gov,36.778261,-119.4179324,86
H000338,N00009869,Orrin,Hatch,1934-03-22,M,"Latter Day Saints","104 Hart Senate Office Building Washington DC 20510",,Republican,202-224-5251,UT,sen,http://www.hatch.senate.gov,39.3209801,-111.0937311,85
K000367,N00027500,Amy,Klobuchar,1960-05-25,F,,"302 Hart Senate Office Building Washington DC 20510",,Democrat,202-224-3244,MN,sen,http://www.klobuchar.senate.gov,46.729553,-94.6858998,59
M001170,N00027694,Claire,McCaskill,1953-07-24,F,,"730 Hart Senate Office Building Washington DC 20510",,Democrat,202-224-6154,MO,sen,https://www.mccaskill.senate.gov,37.9642529,-91.8318334,66
M000639,N00000699,Robert,"Menéndez",1954-01-01,M,"Roman Catholic","528 Hart Senate Office Building Washington DC 20510",13.0,Democrat,202-224-4744,NJ,sen,https://www.menendez.senate.gov,40.0583238,-74.4056612,65
N000032,N00009926,Bill,Nelson,1942-09-29,M,Presbyterian,"716 Hart Senate Office Building Washington DC 20510",11.0,Democrat,202-224-5274,FL,sen,https://www.billnelson.senate.gov,27.6648274,-81.5157535,77
S000033,N00000528,Bernard,Sanders,1941-09-08,M,Jewish,"332 Dirksen Senate Office Building Washington DC 20510",0.0,Independent,202-224-5141,VT,sen,http://www.sanders.senate.gov,44.5588028,-72.5778415,78
S000770,N00004118,Debbie,Stabenow,1950-04-29,F,"United Methodist","731 Hart Senate Office Building Washington DC 20510",8.0,Democrat,202-224-4822,MI,sen,http://www.stabenow.senate.gov,44.3148443,-85.6023643,69
T000464,N00027605,Jon,Tester,1956-08-21,M,,"311 Hart Senate Office Building Washington DC 20510",,Democrat,202-224-2644,MT,sen,http://www.tester.senate.gov,46.8796822,-110.3625658,63
W000802,N00027533,Sheldon,Whitehouse,1955-10-20,M,,"530 Hart Senate Office Building Washington DC 20510",,Democrat,202-224-2921,RI,sen,https://www.whitehouse.senate.gov,41.5800945,-71.4774291,64
B001261,N00006236,John,Barrasso,1952-07-21,M,,"307 Dirksen Senate Office Building Washington DC 20510",,Republican,202-224-6441,WY,sen,http://www.barrasso.senate.gov,43.0759678,-107.2902839,67
W000437,N00003280,Roger,Wicker,1951-07-05,M,"Southern Baptist","555 Dirksen Senate Office Building Washington DC 20510",1.0,Republican,202-224-6253,MS,sen,http://www.wicker.senate.gov,32.3546679,-89.3985283,68
A000360,N00009888,Lamar,Alexander,1940-07-03,M,Presbyterian,"455 Dirksen Senate Office Building Washington DC 20510",,Republican,202-224-4944,TN,sen,https://www.alexander.senate.gov/public/index.cfm/home,35.5174913,-86.5804473,79
C000567,N00003328,Thad,Cochran,1937-12-07,M,Baptist,"113 Dirksen Senate Office Building Washington DC 20510",4.0,Republican,202-224-5054,MS,sen,http://www.cochran.senate.gov,32.3546679,-89.3985283,81
C001035,N00000491,Susan,Collins,1952-12-07,F,Catholic,"413 Dirksen Senate Office Building Washington DC 20510",,Republican,202-224-2523,ME,sen,https://www.collins.senate.gov,45.253783,-69.4454689,66
C001056,N00024852,John,Cornyn,1952-02-02,M,"Church of Christ","517 Hart Senate Office Building Washington DC 20510",,Republican,202-224-2934,TX,sen,https://www.cornyn.senate.gov,31.9685988,-99.9018131,67
D000563,N00004981,Richard,Durbin,1944-11-21,M,"Roman Catholic","711 Hart Senate Office Building Washington DC 20510",20.0,Democrat,202-224-2152,IL,sen,http://www.durbin.senate.gov,40.6331249,-89.3985283,74
E000285,N00006249,Michael,Enzi,1944-02-01,M,Presbyterian,"379A Russell Senate Office Building Washington DC 20510",,Republican,202-224-3424,WY,sen,http://www.enzi.senate.gov,43.0759678,-107.2902839,75
G000359,N00009975,Lindsey,Graham,1955-07-09,M,"Southern Baptist","290 Russell Senate Office Building Washington DC 20510",3.0,Republican,202-224-5972,SC,sen,http://www.lgraham.senate.gov/public,33.836081,-81.1637245,64
I000024,N00005582,James,Inhofe,1934-11-17,M,Presbyterian,"205 Russell Senate Office Building Washington DC 20510",1.0,Republican,202-224-4721,OK,sen,http://www.inhofe.senate.gov,35.0077519,-97.092877,84
M000355,N00003389,Mitch,McConnell,1942-02-20,M,Baptist,"317 Russell Senate Office Building Washington DC 20510",,Republican,202-224-2541,KY,sen,http://www.mcconnell.senate.gov,37.8393332,-84.2700179,77
M001176,N00029303,Jeff,Merkley,1956-10-24,M,,"313 Hart Senate Office Building Washington DC 20510",,Democrat,202-224-3753,OR,sen,https://www.merkley.senate.gov,43.8041334,-120.5542012,63
R000122,N00000362,John,Reed,1949-11-12,M,"Roman Catholic","728 Hart Senate Office Building Washington DC 20510",2.0,Democrat,202-224-4642,RI,sen,https://www.reed.senate.gov,41.5800945,-71.4774291,69
R000584,N00029441,James,Risch,1943-05-03,M,,"483 Russell Senate Office Building Washington DC 20510",,Republican,202-224-2752,ID,sen,http://www.risch.senate.gov,44.0682019,-114.7420408,76
R000307,N00005285,Pat,Roberts,1936-04-20,M,Methodist,"109 Hart Senate Office Building Washington DC 20510",1.0,Republican,202-224-4774,KS,sen,http://www.roberts.senate.gov,39.011902,-98.4842465,83
S001141,N00003062,Jefferson,Sessions,1946-12-24,M,Methodist,"326 Russell Senate Office Building Washington DC 20510",,Republican,202-224-4124,AL,sen,http://www.sessions.senate.gov/public,32.3182314,-86.902298,72
S001181,N00024790,Jeanne,Shaheen,1947-01-28,F,,"506 Hart Senate Office Building Washington DC 20510",,Democrat,202-224-2841,NH,sen,https://www.shaheen.senate.gov,43.1938516,-71.5723953,72
U000039,N00006561,Tom,Udall,1948-05-18,M,"Latter Day Saints","531 Hart Senate Office Building Washington DC 20510",3.0,Democrat,202-224-6621,NM,sen,http://www.tomudall.senate.gov,34.5199402,-105.8700901,71
W000805,N00002097,Mark,Warner,1954-12-15,M,,"475 Russell Senate Office Building Washington DC 20510",,Democrat,202-224-2023,VA,sen,http://www.warner.senate.gov,37.4315734,-78.6568942,64
G000555,N00027658,Kirsten,Gillibrand,1966-12-09,F,,"478 Russell Senate Office Building Washington DC 20510",20.0,Democrat,202-224-4451,NY,sen,https://www.gillibrand.senate.gov,40.7127753,-74.0059728,52
F000457,N00029016,Alan,Franken,1951-05-21,M,,"309 Hart Senate Office Building Washington DC 20510",,Democrat,202-224-5641,MN,sen,https://www.franken.senate.gov,46.729553,-94.6858998,68
C001088,N00031820,Chris,Coons,1963-09-09,M,,"127A Russell Senate Office Building Washington DC 20510",,Democrat,202-224-5042,DE,sen,https://www.coons.senate.gov,38.9108325,-75.5276699,56
M001183,N00032838,Joe,Manchin,1947-08-24,M,,"306 Hart Senate Office Building Washington DC 20510",,Democrat,202-224-3954,WV,sen,http://www.manchin.senate.gov/public,38.5976262,-80.4549026,72
A000055,N00003028,Robert,Aderholt,1965-07-22,M,Protestant,"235 Cannon HOB; Washington DC 20515-0104",4.0,Republican,202-225-4876,AL,rep,https://aderholt.house.gov,33.9472594,-87.3810727,54
A000367,N00031938,Justin,Amash,1980-04-18,M,,"114 Cannon HOB; Washington DC 20515-2203",3.0,Republican,202-225-3831,MI,rep,http://amash.house.gov,42.68498,-85.1894045,39
B001230,N00004367,Tammy,Baldwin,1962-02-11,F,,"717 Hart Washington DC 20510",2.0,Democrat,202-224-5653,WI,sen,https://www.baldwin.senate.gov,43.7844397,-88.7878678,57
B001269,N00025495,Lou,Barletta,1956-01-28,M,,"2049 Rayburn HOB; Washington DC 20515-3811",11.0,Republican,202-225-6511,PA,rep,http://barletta.house.gov,39.9772809,-76.2710833,63
B000213,N00005656,Joe,Barton,1949-09-15,M,Methodist,"2107 Rayburn HOB; Washington DC 20515-4306",6.0,Republican,202-225-2002,TX,rep,http://joebarton.house.gov,32.2711275,-96.663812,70
B001270,N00031877,Karen,Bass,1953-10-03,F,,"2241 Rayburn HOB; Washington DC 20515-0537",37.0,Democrat,202-225-7084,CA,rep,http://bass.house.gov,34.0160089,-118.3695699,66
B000287,N00009774,Xavier,Becerra,1958-01-26,M,"Roman Catholic","1226 Longworth HOB; Washington DC 20515-0534",34.0,Democrat,202-225-6235,CA,rep,http://becerra.house.gov,34.0642061,-118.2175744,61
B001267,N00030608,Michael,Bennet,1964-11-28,M,,"261 Russell Senate Office Building Washington DC 20510",,Democrat,202-224-5852,CO,sen,https://www.bennet.senate.gov,39.5500507,-105.7820674,54
B001257,N00027462,Gus,Bilirakis,1963-02-08,M,,"2112 Rayburn HOB; Washington DC 20515-0912",12.0,Republican,202-225-5755,FL,rep,https://bilirakis.house.gov,28.195549,-82.6483442,56
B001250,N00025292,Rob,Bishop,1951-07-13,M,"Latter Day Saints","123 Cannon HOB; Washington DC 20515-4401",1.0,Republican,202-225-0453,UT,rep,http://robbishop.house.gov,41.4310249,-111.4752851,68
B000490,N00002674,Sanford,Bishop,1947-02-04,M,Baptist,"2407 Rayburn HOB; Washington DC 20515-1002",2.0,Democrat,202-225-3631,GA,rep,http://bishop.house.gov,31.6897283,-84.4382721,72
B001273,N00031539,Diane,Black,1951-01-16,F,,"1131 Longworth HOB; Washington DC 20515-4206",6.0,Republican,202-225-4231,TN,rep,http://black.house.gov,36.1699997,-85.2722472,68
B001243,N00003105,Marsha,Blackburn,1952-06-06,F,Presbyterian,"2266 Rayburn HOB; Washington DC 20515-4207",7.0,Republican,202-225-2811,TN,rep,http://blackburn.house.gov,35.5467865,-87.8549755,67
B000574,N00007727,Earl,Blumenauer,1948-08-16,M,,"1111 Longworth HOB; Washington DC 20515-3703",3.0,Democrat,202-225-4811,OR,rep,http://blumenauer.house.gov,45.4002673,-122.1530407,71
B001277,N00031685,Richard,Blumenthal,1946-02-13,M,,"706 Hart Senate Office Building Washington DC 20510",,Democrat,202-224-2823,CT,sen,https://www.blumenthal.senate.gov,41.6032207,-73.087749,73
B000575,N00005195,Roy,Blunt,1950-01-10,M,Baptist,"260 Russell Senate Office Building Washington DC 20510",7.0,Republican,202-224-5721,MO,sen,http://www.blunt.senate.gov/public,37.9642529,-91.8318334,69
B001236,N00013873,John,Boozman,1950-12-10,M,,"141 Hart Senate Office Building Washington DC 20510",3.0,Republican,202-224-4843,AR,sen,https://www.boozman.senate.gov/public/index.cfm/home,35.20105,-91.8318334,68
B001245,N00024866,Madeleine,Bordallo,1933-05-31,F,Catholic,"2441 Rayburn HOB; Washington DC 20515-5301",0.0,Democrat,202-225-1188,GU,rep,http://bordallo.house.gov,13.4769474,144.7425932,86
B000755,N00005883,Kevin,Brady,1955-04-11,M,Catholic,"1011 Longworth HOB; Washington DC 20515-4308",8.0,Republican,202-225-4901,TX,rep,http://kevinbrady.house.gov,30.9599682,-95.5617279,64
B001227,N00001619,Robert,Brady,1945-04-07,M,,"2004 Rayburn HOB; Washington DC 20515-3801",1.0,Democrat,202-225-4731,PA,rep,http://brady.house.gov,40.4107964,-75.2479061,74
B001274,N00030910,Mo,Brooks,1954-04-29,M,,"2400 Rayburn HOB; Washington DC 20515-0105",5.0,Republican,202-225-4801,AL,rep,http://brooks.house.gov,34.6422851,-86.7416374,65
B001260,N00027626,Vern,Buchanan,1951-05-08,M,,"2104 Rayburn HOB; Washington DC 20515-0916",16.0,Republican,202-225-5015,FL,rep,https://buchanan.house.gov,27.4403152,-82.4752757,68
B001275,N00031227,Larry,Bucshon,1962-05-31,M,,"1005 Longworth HOB; Washington DC 20515-1408",8.0,Republican,202-225-4636,IN,rep,http://bucshon.house.gov,38.7837545,-87.0624261,57
B001248,N00025219,Michael,Burgess,1950-12-23,M,Episcopalian,"2336 Rayburn HOB; Washington DC 20515-4326",26.0,Republican,202-225-7772,TX,rep,http://burgess.house.gov,33.1418611,-97.179026,68
B001135,N00002221,Richard,Burr,1955-11-30,M,Methodist,"217 Russell Senate Office Building Washington DC 20510",5.0,Republican,202-224-3154,NC,sen,http://www.burr.senate.gov,35.7595731,-79.0192997,63
B001251,N00027035,George,Butterfield,1947-04-27,M,Baptist,"2080 Rayburn HOB; Washington DC 20515-3301",1.0,Democrat,202-225-3101,NC,rep,http://butterfield.house.gov,36.1121736,-77.3783789,72
C000059,N00007099,Ken,Calvert,1953-06-08,M,Protestant,"2205 Rayburn HOB; Washington DC 20515-0542",42.0,Republican,202-225-1986,CA,rep,http://calvert.house.gov,33.6577256,-117.2205771,66
C001047,N00009771,Shelley,Capito,1953-11-26,F,Presbyterian,"172 Russell Senate Office Building Washington DC 20510",2.0,Republican,202-224-6472,WV,sen,https://www.capito.senate.gov,38.5976262,-80.4549026,65
C001037,N00000267,Michael,Capuano,1952-01-09,M,"Roman Catholic","1414 Longworth HOB; Washington DC 20515-2107",7.0,Democrat,202-225-5111,MA,rep,http://capuano.house.gov,42.3284483,-71.0854325,67
C001072,N00029513,"André",Carson,1974-10-16,M,,"2135 Rayburn HOB; Washington DC 20515-1407",7.0,Democrat,202-225-4011,IN,rep,http://carson.house.gov,39.7114047,-86.1344697,45
C001051,N00025095,John,Carter,1941-11-06,M,Christian,"2110 Rayburn HOB; Washington DC 20515-4331",31.0,Republican,202-225-3864,TX,rep,http://carter.house.gov,30.8556523,-97.6114217,77
C001075,N00030245,Bill,Cassidy,1957-09-28,M,,"703 Hart Senate Office Building Washington DC 20510",6.0,Republican,202-224-5824,LA,sen,http://www.cassidy.senate.gov,30.9842977,-91.9623327,62
C001066,N00027514,Kathy,Castor,1966-08-20,F,,"2052 Rayburn HOB; Washington DC 20515-0914",14.0,Democrat,202-225-3376,FL,rep,http://castor.house.gov,27.8625703,-82.5185837,53
C000266,N00003689,Steve,Chabot,1953-01-22,M,Catholic,"2371 Rayburn HOB; Washington DC 20515-3501",1.0,Republican,202-225-2216,OH,rep,http://chabot.house.gov,39.4241422,-84.1857115,66
C001076,N00028958,Jason,Chaffetz,1967-03-26,M,,"2236 Rayburn HOB; Washington DC 20515-4403",3.0,Republican,202-225-7751,UT,rep,http://chaffetz.house.gov,39.0738385,-110.7122465,52
C001080,N00030600,Judy,Chu,1953-07-07,F,,"2423 Rayburn HOB; Washington DC 20515-0527",27.0,Democrat,202-225-5464,CA,rep,http://chu.house.gov,34.2993104,-117.9717606,66
C001084,N00032019,David,Cicilline,1961-07-15,M,,"2244 Rayburn HOB; Washington DC 20515-3901",1.0,Democrat,202-225-4911,RI,rep,http://cicilline.house.gov,41.9186239,-71.4299364,58
C001067,N00026961,Yvette,Clarke,1964-11-21,F,,"2058 Rayburn HOB; Washington DC 20515-3209",9.0,Democrat,202-225-6231,NY,rep,http://clarke.house.gov,40.6413077,-73.9477384,54
C001049,N00012460,Wm.,Clay,1956-07-27,M,"Roman Catholic","2428 Rayburn HOB; Washington DC 20515-2501",1.0,Democrat,202-225-2406,MO,rep,http://lacyclay.house.gov,38.6946226,-90.2620042,63
C001061,N00026790,Emanuel,Cleaver,1944-10-26,M,,"2335 Rayburn HOB; Washington DC 20515-2505",5.0,Democrat,202-225-4535,MO,rep,http://cleaver.house.gov,39.1695218,-93.9878427,74
C000537,N00002408,James,Clyburn,1940-07-21,M,"African Methodist Episcopal","242 Cannon HOB; Washington DC 20515-4006",6.0,Democrat,202-225-3315,SC,rep,http://clyburn.house.gov,33.2638803,-80.6326916,79
C001077,N00024753,Mike,Coffman,1955-03-19,M,,"2443 Rayburn HOB; Washington DC 20515-0606",6.0,Republican,202-225-7882,CO,rep,http://coffman.house.gov,39.7224701,-104.798771,64
C001068,N00003225,Steve,Cohen,1949-05-24,M,,"2404 Rayburn HOB; Washington DC 20515-4209",9.0,Democrat,202-225-3265,TN,rep,http://cohen.house.gov,35.2587907,-89.9626799,70
C001053,N00025726,Tom,Cole,1949-04-28,M,Methodist,"2467 Rayburn HOB; Washington DC 20515-3604",4.0,Republican,202-225-6165,OK,rep,http://cole.house.gov,34.4487481,-97.6114217,70
C001062,N00026041,K.,Conaway,1948-06-11,M,Baptist,"2430 Rayburn HOB; Washington DC 20515-4311",11.0,Republican,202-225-3605,TX,rep,http://conaway.house.gov,31.5792792,-100.2600125,71
C001078,N00029891,Gerald,Connolly,1950-03-30,M,,"2238 Rayburn HOB; Washington DC 20515-4611",11.0,Democrat,202-225-1492,VA,rep,http://connolly.house.gov,38.8082279,-77.2635038,69
C000714,N00004029,John,Conyers,1929-05-16,M,Baptist,"2426 Rayburn HOB; Washington DC 20515-2213",13.0,Democrat,202-225-5126,MI,rep,https://conyers.house.gov,42.2422814,-83.3789389,90
C000754,N00003132,Jim,Cooper,1954-06-19,M,Episcopalian,"1536 Longworth HOB; Washington DC 20515-4205",5.0,Democrat,202-225-4311,TN,rep,http://cooper.house.gov,36.1422976,-87.1422895,65
C001059,N00026341,Jim,Costa,1952-04-13,M,,"2081 Rayburn HOB; Washington DC 20515-0516",16.0,Democrat,202-225-3341,CA,rep,https://costa.house.gov,37.2009788,-120.7120023,67
C001069,N00024842,Joe,Courtney,1953-04-06,M,,"2348 Rayburn HOB; Washington DC 20515-0702",2.0,Democrat,202-225-2076,CT,rep,http://courtney.house.gov,41.6111489,-72.1416132,66
C000880,N00006267,Michael,Crapo,1951-05-20,M,"Latter Day Saints","239 Dirksen Senate Office Building Washington DC 20510",2.0,Republican,202-224-6142,ID,sen,http://www.crapo.senate.gov,44.0682019,-114.7420408,68
C001087,N00030770,Eric,Crawford,1966-01-22,M,,"2422 Rayburn HOB; Washington DC 20515-0401",1.0,Republican,202-225-4076,AR,rep,http://crawford.house.gov,35.5623995,-90.9056623,53
C001038,N00001127,Joseph,Crowley,1962-03-16,M,"Roman Catholic","1035 Longworth HOB; Washington DC 20515-3214",14.0,Democrat,202-225-3965,NY,rep,http://crowley.house.gov,40.8187535,-73.8066163,57
C001063,N00024978,Henry,Cuellar,1955-09-19,M,Catholic,"2209 Rayburn HOB; Washington DC 20515-4328",28.0,Democrat,202-225-1640,TX,rep,http://cuellar.house.gov,27.8174487,-99.0128926,64
C001048,N00009738,John,Culberson,1956-08-24,M,Methodist,"2161 Rayburn HOB; Washington DC 20515-4307",7.0,Republican,202-225-2571,TX,rep,http://culberson.house.gov,29.7834981,-95.6668306,63
C000984,N00001971,Elijah,Cummings,1951-01-18,M,Baptist,"2163 Rayburn HOB; Washington DC 20515-2007",7.0,Democrat,202-225-4741,MD,rep,http://cummings.house.gov,39.2662608,-76.7798172,68
D000096,N00004884,Danny,Davis,1941-09-06,M,Baptist,"2159 Rayburn HOB; Washington DC 20515-1307",7.0,Democrat,202-225-5006,IL,rep,http://davis.house.gov,41.8674569,-87.7271123,78
D000598,N00009604,Susan,Davis,1944-04-13,F,Jewish,"1214 Longworth HOB; Washington DC 20515-0553",53.0,Democrat,202-225-2040,CA,rep,http://susandavis.house.gov,32.7292602,-117.0087877,75
D000191,N00007781,Peter,DeFazio,1947-05-27,M,Catholic,"2134 Rayburn HOB; Washington DC 20515-3704",4.0,Democrat,202-225-6416,OR,rep,http://defazio.house.gov,43.4283946,-122.8114034,72
D000197,N00006134,Diana,DeGette,1957-07-29,F,Presbyterian,"2111 Rayburn HOB; Washington DC 20515-0601",1.0,Democrat,202-225-4431,CO,rep,http://degette.house.gov,39.698048,-104.9856176,62
D000216,N00000615,Rosa,DeLauro,1943-03-02,F,"Roman Catholic","2413 Rayburn HOB; Washington DC 20515-0703",3.0,Democrat,202-225-3661,CT,rep,http://delauro.house.gov,41.3728968,-72.8515479,76
D000612,N00031593,Jeff,Denham,1967-07-29,M,,"1730 Longworth HOB; Washington DC 20515-0510",10.0,Republican,202-225-4540,CA,rep,http://denham.house.gov,37.609984,-121.1710389,52
D000604,N00026171,Charles,Dent,1960-05-24,M,,"2082 Rayburn HOB; Washington DC 20515-3815",15.0,Republican,202-225-6411,PA,rep,https://dent.house.gov,41.0761428,-79.0192997,59
D000616,N00030957,Scott,DesJarlais,1964-02-21,M,,"2301 Rayburn HOB; Washington DC 20515-4204",4.0,Republican,202-225-6831,TN,rep,https://desjarlais.house.gov,35.687606,-86.4187308,55
D000610,N00031317,Theodore,Deutch,1966-05-07,M,,"2447 Rayburn HOB; Washington DC 20515-0922",22.0,Democrat,202-225-9890,FL,rep,http://teddeutch.house.gov,26.3806574,-80.0758425,53
D000600,N00025337,Mario,Diaz-Balart,1961-09-25,M,Catholic,"440 Cannon HOB; Washington DC 20515-0925",25.0,Republican,202-225-4211,FL,rep,http://mariodiazbalart.house.gov,26.0485819,-81.0754657,58
D000399,N00006023,Lloyd,Doggett,1946-10-06,M,Methodist,"2307 Rayburn HOB; Washington DC 20515-4335",35.0,Democrat,202-225-4865,TX,rep,http://doggett.house.gov,29.9723818,-97.8286368,73
D000607,N00026586,Joe,Donnelly,1955-09-28,M,,"720 Hart Senate Office Building Washington DC 20510",2.0,Democrat,202-224-4814,IN,sen,http://www.donnelly.senate.gov,40.2671941,-86.1349019,64
D000482,N00001373,Michael,Doyle,1953-08-05,M,"Roman Catholic","239 Cannon HOB; Washington DC 20515-3814",14.0,Democrat,202-225-2135,PA,rep,http://doyle.house.gov,40.0323996,-79.9192702,66
D000614,N00030967,Sean,Duffy,1971-10-03,M,,"2330 Rayburn HOB; Washington DC 20515-4907",7.0,Republican,202-225-3365,WI,rep,https://duffy.house.gov,45.9001586,-90.9346955,48
D000615,N00030752,Jeff,Duncan,1966-01-07,M,,"2229 Rayburn HOB; Washington DC 20515-4003",3.0,Republican,202-225-5301,SC,rep,http://jeffduncan.house.gov,34.4487481,-82.3885783,53
D000533,N00003209,John,Duncan,1947-07-21,M,Presbyterian,"2207 Rayburn HOB; Washington DC 20515-4202",2.0,Republican,202-225-5435,TN,rep,http://duncan.house.gov,36.0186934,-83.8473015,72
E000288,N00028257,Keith,Ellison,1963-08-04,M,,"2263 Rayburn HOB; Washington DC 20515-2305",5.0,Democrat,202-225-4755,MN,rep,http://ellison.house.gov,44.9896906,-93.3029007,56
E000179,N00001003,Eliot,Engel,1947-02-18,M,Jewish,"2462 Rayburn HOB; Washington DC 20515-3216",16.0,Democrat,202-225-2464,NY,rep,http://engel.house.gov,40.9417574,-73.77132,72
E000215,N00007335,Anna,Eshoo,1942-12-13,F,Catholic,"241 Cannon HOB; Washington DC 20515-0518",18.0,Democrat,202-225-8104,CA,rep,http://eshoo.house.gov,37.1846702,-122.0837445,76
F000460,N00031672,Blake,Farenthold,1961-12-12,M,,"2331 Rayburn HOB; Washington DC 20515-4327",27.0,Republican,202-225-7742,TX,rep,http://farenthold.house.gov,28.682899,-96.9209135,57
F000444,N00009573,Jeff,Flake,1962-12-31,M,"Latter Day Saints","413 Russell Senate Office Building Washington DC 20510",6.0,Republican,202-224-4521,AZ,sen,http://www.flake.senate.gov/public,34.0489281,-111.0937311,56
F000459,N00030815,Charles,Fleischmann,1962-10-11,M,,"2410 Rayburn HOB; Washington DC 20515-4203",3.0,Republican,202-225-3271,TN,rep,http://fleischmann.house.gov,36.3073389,-84.4382721,57
F000461,N00031545,Bill,Flores,1954-02-25,M,,"2440 Rayburn HOB; Washington DC 20515-4317",17.0,Republican,202-225-6105,TX,rep,http://flores.house.gov,31.277424,-96.5783387,65
F000449,N00026631,Jeff,Fortenberry,1960-12-27,M,,"1514 Longworth HOB; Washington DC 20515-2701",1.0,Republican,202-225-4806,NE,rep,https://fortenberry.house.gov,41.2334522,-96.9209135,58
F000450,N00026166,Virginia,Foxx,1943-06-29,F,"Roman Catholic","2262 Rayburn HOB; Washington DC 20515-3305",5.0,Republican,202-225-2071,NC,rep,http://foxx.house.gov,36.1897877,-81.0754657,76
F000448,N00006423,Trent,Franks,1957-06-19,M,Baptist,"2435 Rayburn HOB; Washington DC 20515-0308",8.0,Republican,202-225-4576,AZ,rep,http://franks.house.gov,33.6838029,-112.3814624,62
F000372,N00000684,Rodney,Frelinghuysen,1946-04-29,M,Episcopalian,"2306 Rayburn HOB; Washington DC 20515-3011",11.0,Republican,202-225-5034,NJ,rep,http://frelinghuysen.house.gov,40.8997514,-74.4525627,73
F000455,N00030490,Marcia,Fudge,1952-10-29,F,,"2344 Rayburn HOB; Washington DC 20515-3511",11.0,Democrat,202-225-7032,OH,rep,http://fudge.house.gov,41.6921165,-81.6035062,66
G000559,N00030856,John,Garamendi,1945-01-24,M,,"2438 Rayburn HOB; Washington DC 20515-0503",3.0,Democrat,202-225-1880,CA,rep,http://garamendi.house.gov,39.0182028,-121.8107079,74
G000562,N00030780,Cory,Gardner,1974-08-22,M,,"354 Russell Senate Office Building Washington DC 20510",4.0,Republican,202-224-5941,CO,sen,https://www.gardner.senate.gov,39.5500507,-105.7820674,45
G000563,N00031128,Bob,Gibbs,1954-06-14,M,,"2446 Rayburn HOB; Washington DC 20515-3507",7.0,Republican,202-225-6265,OH,rep,http://gibbs.house.gov,40.7826771,-82.3017728,65
G000552,N00026148,Louie,Gohmert,1953-08-18,M,Unknown,"2243 Rayburn HOB; Washington DC 20515-4301",1.0,Republican,202-225-3035,TX,rep,http://gohmert.house.gov,32.0926993,-94.5624426,66
G000289,N00009154,Bob,Goodlatte,1952-09-22,M,"Christian Scientist","2309 Rayburn HOB; Washington DC 20515-4606",6.0,Republican,202-225-5431,VA,rep,http://goodlatte.house.gov,38.0792424,-79.2902133,67
G000565,N00030771,Paul,Gosar,1958-11-22,M,,"2057 Rayburn HOB; Washington DC 20515-0304",4.0,Republican,202-225-2315,AZ,rep,http://gosar.house.gov,34.7021645,-113.0011989,60
G000566,N00030880,Trey,Gowdy,1964-08-22,M,,"2418 Rayburn HOB; Washington DC 20515-4004",4.0,Republican,202-225-6030,SC,rep,https://gowdy.house.gov,35.0472662,-82.12784,55
G000377,N00008799,Kay,Granger,1943-01-18,F,Methodist,"1026 Longworth HOB; Washington DC 20515-4312",12.0,Republican,202-225-5071,TX,rep,http://kaygranger.house.gov,32.7523708,-97.6982272,76
G000386,N00001758,Charles,Grassley,1933-09-17,M,Baptist,"135 Hart Senate Office Building Washington DC 20510",3.0,Republican,202-224-3744,IA,sen,http://www.grassley.senate.gov,41.8780025,-93.097702,86
G000546,N00013323,Sam,Graves,1963-11-07,M,Baptist,"1135 Longworth HOB; Washington DC 20515-2506",6.0,Republican,202-225-7041,MO,rep,https://graves.house.gov,40.2375221,-94.0695454,55
G000560,N00030788,Tom,Graves,1970-02-03,M,,"2078 Rayburn HOB; Washington DC 20515-1014",14.0,Republican,202-225-5211,GA,rep,http://tomgraves.house.gov,34.5878061,-85.1064373,49
G000553,N00026686,Al,Green,1947-09-01,M,Unknown,"2347 Rayburn HOB; Washington DC 20515-4309",9.0,Democrat,202-225-7508,TX,rep,http://algreen.house.gov,29.6057926,-95.4987565,72
G000410,N00005870,Gene,Green,1947-10-17,M,Methodist,"2470 Rayburn HOB; Washington DC 20515-4329",29.0,Democrat,202-225-1688,TX,rep,https://green.house.gov,29.7067276,-95.2893433,72
G000568,N00032029,H.,Griffith,1958-03-15,M,,"2202 Rayburn HOB; Washington DC 20515-4609",9.0,Republican,202-225-3861,VA,rep,http://morgangriffith.house.gov,36.8101994,-81.3399414,61
G000551,N00025284,"Raúl",Grijalva,1948-02-19,M,"Roman Catholic","1511 Longworth HOB; Washington DC 20515-0303",3.0,Democrat,202-225-2435,AZ,rep,http://grijalva.house.gov,32.2635706,-112.4291464,71
G000558,N00029675,Brett,Guthrie,1964-02-18,M,,"2434 Rayburn HOB; Washington DC 20515-1702",2.0,Republican,202-225-3501,KY,rep,http://guthrie.house.gov,37.5687365,-85.9304546,55
G000535,N00004874,Luis,"Gutiérrez",1953-12-10,M,"Roman Catholic","2408 Rayburn HOB; Washington DC 20515-1304",4.0,Democrat,202-225-8203,IL,rep,http://gutierrez.house.gov,41.8483683,-87.7664934,65
H001045,N00029632,Gregg,Harper,1956-06-01,M,,"2227 Rayburn HOB; Washington DC 20515-2403",3.0,Republican,202-225-5031,MS,rep,http://harper.house.gov,32.1745171,-89.8505012,63
H001052,N00029147,Andy,Harris,1957-01-25,M,,"1533 Longworth HOB; Washington DC 20515-2001",1.0,Republican,202-225-5311,MD,rep,http://harris.house.gov,38.2989426,-75.8998674,62
H001053,N00031005,Vicky,Hartzler,1960-10-13,F,,"2235 Rayburn HOB; Washington DC 20515-2504",4.0,Republican,202-225-2876,MO,rep,http://hartzler.house.gov,38.2669136,-93.4195527,59
H000324,N00002884,Alcee,Hastings,1936-09-05,M,"African Methodist Episcopal","2353 Rayburn HOB; Washington DC 20515-0920",20.0,Democrat,202-225-1313,FL,rep,http://alceehastings.house.gov,26.5878255,-80.7214417,83
H001046,N00029835,Martin,Heinrich,1971-10-17,M,,"303 Hart Senate Office Building Washington DC 20510",1.0,Democrat,202-224-5521,NM,sen,http://www.heinrich.senate.gov,34.5199402,-105.8700901,48
H001036,N00024922,Jeb,Hensarling,1957-05-29,M,Christian,"2228 Rayburn HOB; Washington DC 20515-4305",5.0,Republican,202-225-3484,TX,rep,http://hensarling.house.gov,32.3995049,-95.8987139,62
H001056,N00031559,Jaime,"Herrera Beutler",1978-11-03,F,,"1107 Longworth HOB; Washington DC 20515-4703",3.0,Republican,202-225-3536,WA,rep,http://herrerabeutler.house.gov,46.1583266,-122.0201472,40
H001038,N00027060,Brian,Higgins,1959-10-06,M,,"2459 Rayburn HOB; Washington DC 20515-3226",26.0,Democrat,202-225-3306,NY,rep,http://higgins.house.gov,40.7527731,-73.7595532,60
H001047,N00029070,James,Himes,1966-07-05,M,,"1227 Longworth HOB; Washington DC 20515-0704",4.0,Democrat,202-225-5541,CT,rep,http://himes.house.gov,41.2238237,-73.4180211,53
H001042,N00028139,Mazie,Hirono,1947-11-03,F,,"330 Hart Senate Office Building Washington DC 20510",2.0,Democrat,202-224-6361,HI,sen,https://www.hirono.senate.gov,19.8967662,-155.5827818,71
H001061,N00031688,John,Hoeven,1957-03-13,M,,"338 Russell Senate Office Building Washington DC 20510",,Republican,202-224-2551,ND,sen,https://www.hoeven.senate.gov,47.5514926,-101.0020119,62
H000874,N00001821,Steny,Hoyer,1939-06-14,M,Baptist,"1705 Longworth HOB; Washington DC 20515-2005",5.0,Democrat,202-225-4131,MD,rep,http://hoyer.house.gov,38.3870787,-76.6412712,80
H001058,N00030673,Bill,Huizenga,1969-01-31,M,,"2232 Rayburn HOB; Washington DC 20515-2202",2.0,Republican,202-225-4401,MI,rep,http://huizenga.house.gov,43.4327598,-86.5804473,50
H001059,N00031104,Randy,Hultgren,1966-03-01,M,,"2455 Rayburn HOB; Washington DC 20515-1314",14.0,Republican,202-225-2976,IL,rep,http://hultgren.house.gov,41.8311685,-88.556531,53
H001048,N00029258,Duncan,Hunter,1976-12-07,M,,"2429 Rayburn HOB; Washington DC 20515-0550",50.0,Republican,202-225-5672,CA,rep,http://hunter.house.gov,33.0933809,-116.6081653,42
I000055,N00002593,John,Isakson,1944-12-28,M,Methodist,"131 Russell Senate Office Building Washington DC 20510",6.0,Republican,202-224-3643,GA,sen,http://www.isakson.senate.gov,32.1656221,-82.9000751,74
I000056,N00007017,Darrell,Issa,1953-11-01,M,,"2269 Rayburn HOB; Washington DC 20515-0549",49.0,Republican,202-225-3906,CA,rep,http://issa.house.gov,33.2813392,-117.4086488,65
J000032,N00005818,Sheila,"Jackson Lee",1950-01-12,F,"Seventh Day Adventist","2187 Rayburn HOB; Washington DC 20515-4318",18.0,Democrat,202-225-3816,TX,rep,http://jacksonlee.house.gov,29.8846219,-95.4568133,69
J000290,N00029077,Lynn,Jenkins,1963-06-10,F,,"1526 Longworth HOB; Washington DC 20515-1602",2.0,Republican,202-225-6601,KS,rep,http://lynnjenkins.house.gov,38.1929427,-95.3939551,56
J000292,N00032088,Bill,Johnson,1954-11-10,M,,"1710 Longworth HOB; Washington DC 20515-3506",6.0,Republican,202-225-5705,OH,rep,http://billjohnson.house.gov,39.8218104,-81.3399414,64
J000126,N00008122,Eddie,Johnson,1935-12-03,F,Baptist,"2468 Rayburn HOB; Washington DC 20515-4330",30.0,Democrat,202-225-8885,TX,rep,http://ebjohnson.house.gov,32.674542,-96.7065914,83
J000288,N00027848,Henry,Johnson,1954-10-02,M,,"2240 Rayburn HOB; Washington DC 20515-1004",4.0,Democrat,202-225-1605,GA,rep,http://hankjohnson.house.gov,33.6985512,-84.059029,65
J000293,N00032546,Ron,Johnson,1955-04-08,M,,"328 Hart Senate Office Building Washington DC 20510",,Republican,202-224-5323,WI,sen,http://www.ronjohnson.senate.gov,43.7844397,-88.7878678,64
J000174,N00008028,Sam,Johnson,1930-10-11,M,Methodist,"2304 Rayburn HOB; Washington DC 20515-4303",3.0,Republican,202-225-4201,TX,rep,http://samjohnson.house.gov,33.1704982,-96.663812,89
J000255,N00002299,Walter,Jones,1943-02-10,M,Catholic,"2333 Rayburn HOB; Washington DC 20515-3303",3.0,Republican,202-225-3415,NC,rep,http://jones.house.gov,35.3444449,-76.6412712,76
J000289,N00027894,Jim,Jordan,1964-02-17,M,,"2056 Rayburn HOB; Washington DC 20515-3504",4.0,Republican,202-225-2676,OH,rep,http://jordan.house.gov,40.2852206,-83.4216613,55
K000009,N00003522,Marcy,Kaptur,1946-06-17,F,"Roman Catholic","2186 Rayburn HOB; Washington DC 20515-3509",9.0,Democrat,202-225-4146,OH,rep,http://kaptur.house.gov,41.4461986,-82.6483442,73
K000375,N00031933,William,Keating,1952-09-06,M,,"2351 Rayburn HOB; Washington DC 20515-2109",9.0,Democrat,202-225-3111,MA,rep,http://keating.house.gov,41.9046305,-70.2408325,67
K000376,N00031647,Mike,Kelly,1948-05-10,M,,"1707 Longworth HOB; Washington DC 20515-3803",3.0,Republican,202-225-5406,PA,rep,http://kelly.house.gov,40.0213721,-75.1778853,71
K000188,N00004403,Ron,Kind,1963-03-16,M,Lutheran,"1502 Longworth HOB; Washington DC 20515-4903",3.0,Democrat,202-225-5506,WI,rep,http://kind.house.gov,44.0924539,-90.9056623,56
K000210,N00001193,Peter,King,1944-04-05,M,"Roman Catholic","339 Cannon HOB; Washington DC 20515-3202",2.0,Republican,202-225-7896,NY,rep,http://peteking.house.gov,40.6594928,-73.323708,75
K000362,N00025237,Steve,King,1949-05-28,M,"Roman Catholic","2210 Rayburn HOB; Washington DC 20515-1504",4.0,Republican,202-225-4426,IA,rep,https://steveking.house.gov,42.7664331,-94.7277528,70
K000378,N00030667,Adam,Kinzinger,1978-02-27,M,,"2245 Rayburn HOB; Washington DC 20515-1316",16.0,Republican,202-225-3635,IL,rep,http://kinzinger.house.gov,41.5976275,-89.0943377,41
L000573,N00031377,"Raúl",Labrador,1967-12-08,M,,"1523 Longworth HOB; Washington DC 20515-1201",1.0,Republican,202-225-6611,ID,rep,http://labrador.house.gov,45.4580311,-115.5527176,51
L000564,N00028133,Doug,Lamborn,1954-05-24,M,,"2402 Rayburn HOB; Washington DC 20515-0605",5.0,Republican,202-225-4422,CO,rep,http://lamborn.house.gov,38.8140718,-105.2194808,65
L000567,N00000898,Leonard,Lance,1952-06-25,M,,"2352 Rayburn HOB; Washington DC 20515-3007",7.0,Republican,202-225-5361,NJ,rep,http://lance.house.gov,40.6547001,-74.6868815,67
L000559,N00009724,James,Langevin,1964-04-22,M,,"2077 Rayburn HOB; Washington DC 20515-3902",2.0,Democrat,202-225-2735,RI,rep,http://langevin.house.gov,41.611509,-71.6673352,55
L000575,N00031129,James,Lankford,1968-03-04,M,,"316 Hart Senate Office Building Washington DC 20510",5.0,Republican,202-224-5754,OK,sen,https://www.lankford.senate.gov,35.0077519,-97.092877,51
L000560,N00009759,Rick,Larsen,1965-06-15,M,,"2113 Rayburn HOB; Washington DC 20515-4702",2.0,Democrat,202-225-2605,WA,rep,http://larsen.house.gov,48.3448231,-122.5360921,54
L000557,N00000575,John,Larson,1948-07-22,M,,"1501 Longworth HOB; Washington DC 20515-0701",1.0,Democrat,202-225-2265,CT,rep,http://larson.house.gov,41.8091584,-72.6624209,71
L000566,N00012233,Robert,Latta,1956-04-18,M,,"2448 Rayburn HOB; Washington DC 20515-3505",5.0,Republican,202-225-6405,OH,rep,http://latta.house.gov,41.2903833,-84.1012861,63
L000174,N00009918,Patrick,Leahy,1940-03-31,M,"Roman Catholic","437 Russell Senate Office Building Washington DC 20510",,Democrat,202-224-4242,VT,sen,https://www.leahy.senate.gov,44.5588028,-72.5778415,79
L000551,N00008046,Barbara,Lee,1946-07-16,F,Baptist,"2267 Rayburn HOB; Washington DC 20515-0513",13.0,Democrat,202-225-2661,CA,rep,http://lee.house.gov,37.7690399,-122.2427,73
L000577,N00031696,Mike,Lee,1971-06-04,M,,"361A Russell Senate Office Building Washington DC 20510",,Republican,202-224-5444,UT,sen,http://www.lee.senate.gov/public,39.3209801,-111.0937311,48
L000263,N00003950,Sander,Levin,1931-09-06,M,Jewish,"1236 Longworth HOB; Washington DC 20515-2209",9.0,Democrat,202-225-4961,MI,rep,http://levin.house.gov,42.5300302,-82.9501558,88
L000287,N00002577,John,Lewis,1940-02-21,M,Baptist,"343 Cannon HOB; Washington DC 20515-1005",5.0,Democrat,202-225-3801,GA,rep,http://johnlewis.house.gov,33.7142887,-84.3962535,79
L000563,N00027239,Daniel,Lipinski,1966-07-15,M,,"2346 Rayburn HOB; Washington DC 20515-1303",3.0,Democrat,202-225-5701,IL,rep,http://lipinski.house.gov,41.6232781,-87.972681,53
L000554,N00000851,Frank,LoBiondo,1946-05-12,M,"Roman Catholic","2427 Rayburn HOB; Washington DC 20515-3002",2.0,Republican,202-225-6572,NJ,rep,http://lobiondo.house.gov,39.3964336,-74.8741045,73
L000565,N00027741,David,Loebsack,1952-12-23,M,,"1527 Longworth HOB; Washington DC 20515-1502",2.0,Democrat,202-225-6576,IA,rep,http://loebsack.house.gov,40.9388076,-92.1450245,66
L000397,N00007479,Zoe,Lofgren,1947-12-21,F,Lutheran,"1401 Longworth HOB; Washington DC 20515-0519",19.0,Democrat,202-225-3072,CA,rep,https://lofgren.house.gov,37.2187714,-121.5826642,71
L000576,N00030676,Billy,Long,1955-08-11,M,,"2454 Rayburn HOB; Washington DC 20515-2507",7.0,Republican,202-225-6536,MO,rep,http://long.house.gov,36.9050673,-93.4195527,64
L000480,N00001024,Nita,Lowey,1937-07-05,F,Jewish,"2365 Rayburn HOB; Washington DC 20515-3217",17.0,Democrat,202-225-6506,NY,rep,http://lowey.house.gov,41.1814821,-73.9359821,82
L000491,N00005559,Frank,Lucas,1960-01-06,M,Baptist,"2405 Rayburn HOB; Washington DC 20515-3603",3.0,Republican,202-225-5565,OK,rep,http://lucas.house.gov,35.9374134,-98.8362755,59
L000569,N00030026,Blaine,Luetkemeyer,1952-05-07,M,,"2230 Rayburn HOB; Washington DC 20515-2503",3.0,Republican,202-225-2956,MO,rep,http://luetkemeyer.house.gov,38.4730493,-91.6760691,67
L000570,N00029562,Ben,"Luján",1972-06-07,M,,"2231 Rayburn HOB; Washington DC 20515-3103",3.0,Democrat,202-225-6190,NM,rep,http://lujan.house.gov,35.8511712,-106.1580937,47
L000562,N00013855,Stephen,Lynch,1955-03-31,M,,"2268 Rayburn HOB; Washington DC 20515-2108",8.0,Democrat,202-225-8273,MA,rep,http://lynch.house.gov,42.2204268,-70.95468,64
M000087,N00000078,Carolyn,Maloney,1946-02-19,F,Presbyterian,"2308 Rayburn HOB; Washington DC 20515-3212",12.0,Democrat,202-225-7944,NY,rep,http://maloney.house.gov,40.7599645,-73.9477384,73
M001158,N00026710,Kenny,Marchant,1951-02-23,M,Nazarene,"2369 Rayburn HOB; Washington DC 20515-4324",24.0,Republican,202-225-6605,TX,rep,http://marchant.house.gov,32.9252178,-97.0498442,68
M001179,N00031777,Tom,Marino,1952-08-15,M,,"2242 Rayburn HOB; Washington DC 20515-3810",10.0,Republican,202-225-3731,PA,rep,http://marino.house.gov,40.2734277,-76.7336521,67
M000133,N00000270,Edward,Markey,1946-07-11,M,"Roman Catholic","255 Dirksen Senate Office Building Washington DC 20510",5.0,Democrat,202-224-2742,MA,sen,http://www.markey.senate.gov,42.4072107,-71.3824374,73
M001163,N00027459,Doris,Matsui,1944-09-25,F,,"2311 Rayburn HOB; Washington DC 20515-0506",6.0,Democrat,202-225-7163,CA,rep,http://matsui.house.gov,38.5477841,-121.4913182,75
M000303,N00006424,John,McCain,1936-08-29,M,Episcopalian,"218 Russell Senate Office Building Washington DC 20510",1.0,Republican,202-224-2235,AZ,sen,http://www.mccain.senate.gov,34.0489281,-111.0937311,83
M001165,N00028152,Kevin,McCarthy,1965-01-26,M,,"2421 Rayburn HOB; Washington DC 20515-0523",23.0,Republican,202-225-2915,CA,rep,http://kevinmccarthy.house.gov,35.5902849,-118.4863963,54
M001157,N00026460,Michael,McCaul,1962-01-14,M,Unknown,"2001 Rayburn HOB; Washington DC 20515-4310",10.0,Republican,202-225-2401,TX,rep,http://mccaul.house.gov,29.8105266,-96.5783387,57
M001177,N00006863,Tom,McClintock,1956-07-10,M,,"2312 Rayburn HOB; Washington DC 20515-0504",4.0,Republican,202-225-2511,CA,rep,http://mcclintock.house.gov,38.6399398,-120.5279096,63
M001143,N00012942,Betty,McCollum,1954-07-12,F,"Roman Catholic","2256 Rayburn HOB; Washington DC 20515-2304",4.0,Democrat,202-225-6631,MN,rep,http://mccollum.house.gov,45.0347076,-93.0254315,65
M000312,N00000179,James,McGovern,1959-11-20,M,Catholic,"438 Cannon HOB; Washington DC 20515-2102",2.0,Democrat,202-225-6101,MA,rep,http://mcgovern.house.gov,42.440432,-72.0468164,59
M001156,N00026627,Patrick,McHenry,1975-10-22,M,,"2334 Rayburn HOB; Washington DC 20515-3310",10.0,Republican,202-225-2576,NC,rep,http://mchenry.house.gov,35.361354,-81.6035062,44
M001180,N00031681,David,McKinley,1947-03-28,M,,"2239 Rayburn HOB; Washington DC 20515-4801",1.0,Republican,202-225-4172,WV,rep,http://mckinley.house.gov,39.4095463,-80.2767327,72
M001159,N00026314,Cathy,"McMorris Rodgers",1969-05-22,F,,"1314 Longworth HOB; Washington DC 20515-4705",5.0,Republican,202-225-2006,WA,rep,http://mcmorris.house.gov,47.6487643,-118.0339545,50
M001166,N00026926,Jerry,McNerney,1951-06-18,M,,"2265 Rayburn HOB; Washington DC 20515-0509",9.0,Democrat,202-225-1947,CA,rep,http://mcnerney.house.gov,38.0169459,-121.3541631,68
M001181,N00031134,Patrick,Meehan,1955-10-20,M,,"2305 Rayburn HOB; Washington DC 20515-3807",7.0,Republican,202-225-2011,PA,rep,https://meehan.house.gov,40.7076083,-75.3878525,64
M001137,N00001171,Gregory,Meeks,1953-09-25,M,"African Methodist Episcopal","2234 Rayburn HOB; Washington DC 20515-3205",5.0,Democrat,202-225-3461,NY,rep,http://meeks.house.gov,40.5535142,-73.8183804,66
M001160,N00026914,Gwen,Moore,1951-04-18,F,Unknown,"2252 Rayburn HOB; Washington DC 20515-4904",4.0,Democrat,202-225-4572,WI,rep,http://gwenmoore.house.gov,43.1180555,-87.972681,68
M000934,N00005282,Jerry,Moran,1954-05-29,M,Methodist,"521 Dirksen Senate Office Building Washington DC 20510",1.0,Republican,202-224-6521,KS,sen,http://www.moran.senate.gov,39.011902,-98.4842465,65
M001182,N00031412,Mick,Mulvaney,1967-07-21,M,,"2350 Rayburn HOB; Washington DC 20515-4005",5.0,Republican,202-225-5501,SC,rep,https://mulvaney.house.gov,34.7049169,-80.9871074,52
M001153,N00026050,Lisa,Murkowski,1957-05-22,F,"Roman Catholic","709 Hart Senate Office Building Washington DC 20510",,Republican,202-224-6665,AK,sen,https://www.murkowski.senate.gov,64.2008413,-149.4936733,62
M001169,N00027566,Christopher,Murphy,1973-08-03,M,,"136 Hart Senate Office Building Washington DC 20510",5.0,Democrat,202-224-4041,CT,sen,https://www.murphy.senate.gov,41.6032207,-73.087749,46
M001151,N00024992,Tim,Murphy,1952-09-11,M,"Roman Catholic","2332 Rayburn HOB; Washington DC 20515-3818",18.0,Republican,202-225-2301,PA,rep,http://murphy.house.gov,40.3929605,-79.8744836,67
M001111,N00007876,Patty,Murray,1950-10-11,F,"Roman Catholic","154 Russell Senate Office Building Washington DC 20510",,Democrat,202-224-2621,WA,sen,http://www.murray.senate.gov/public,47.7510741,-120.7401385,69
N000002,N00000939,Jerrold,Nadler,1947-06-13,M,Jewish,"2109 Rayburn HOB; Washington DC 20515-3210",10.0,Democrat,202-225-5635,NY,rep,http://nadler.house.gov,40.6950083,-74.0123851,72
N000179,N00006789,Grace,Napolitano,1936-12-04,F,"Roman Catholic","1610 Longworth HOB; Washington DC 20515-0532",32.0,Democrat,202-225-5256,CA,rep,http://napolitano.house.gov,34.0911289,-117.9014654,82
N000015,N00000153,Richard,Neal,1949-02-14,M,"Roman Catholic","341 Cannon HOB; Washington DC 20515-2101",1.0,Democrat,202-225-5601,MA,rep,http://neal.house.gov,42.2831967,-72.9932969,70
N000184,N00032022,Kristi,Noem,1971-11-30,F,,"2457 Rayburn HOB; Washington DC 20515-4100",0.0,Republican,202-225-2801,SD,rep,https://noem.house.gov,43.5432077,-96.7264226,47
N000147,N00001692,Eleanor,Norton,1937-06-13,F,Episcopalian,"2136 Rayburn HOB; Washington DC 20515-5101",0.0,Democrat,202-225-8050,DC,rep,http://norton.house.gov,38.9071923,-77.0368707,82
N000181,N00007248,Devin,Nunes,1973-10-01,M,"Roman Catholic","1013 Longworth HOB; Washington DC 20515-0522",22.0,Republican,202-225-2523,CA,rep,http://nunes.house.gov,36.2494922,-119.3250347,46
O000168,N00029285,Pete,Olson,1962-12-09,M,,"2133 Rayburn HOB; Washington DC 20515-4322",22.0,Republican,202-225-5951,TX,rep,http://olson.house.gov,29.5692614,-95.8142885,56
P000601,N00031958,Steven,Palazzo,1970-02-21,M,,"2349 Rayburn HOB; Washington DC 20515-2404",4.0,Republican,202-225-5772,MS,rep,http://palazzo.house.gov,31.2594613,-89.0943377,49
P000034,N00000781,Frank,Pallone,1951-10-30,M,Catholic,"237 Cannon HOB; Washington DC 20515-3006",6.0,Democrat,202-225-4671,NJ,rep,https://pallone.house.gov,40.4380816,-73.9830029,67
P000096,N00000751,Bill,Pascrell,1937-01-25,M,Catholic,"2370 Rayburn HOB; Washington DC 20515-3009",9.0,Democrat,202-225-5751,NJ,rep,http://pascrell.house.gov,40.8309687,-74.1005044,82
P000603,N00030836,Rand,Paul,1963-01-07,M,,"167 Russell Senate Office Building Washington DC 20510",,Republican,202-224-4343,KY,sen,https://www.paul.senate.gov,37.8393332,-84.2700179,56
P000594,N00029391,Erik,Paulsen,1965-05-14,M,,"127 Cannon HOB; Washington DC 20515-2303",3.0,Republican,202-225-2871,MN,rep,http://paulsen.house.gov,45.0208911,-93.5094574,54
P000588,N00012672,Stevan,Pearce,1947-08-24,M,,"2432 Rayburn HOB; Washington DC 20515-3102",2.0,Republican,202-225-2365,NM,rep,http://pearce.house.gov,32.9695746,-104.2861116,72
P000197,N00007360,Nancy,Pelosi,1940-03-26,F,"Roman Catholic","233 Cannon HOB; Washington DC 20515-0512",12.0,Democrat,202-225-4965,CA,rep,http://pelosi.house.gov,37.7897262,-122.424074,79
P000593,N00027510,Ed,Perlmutter,1953-05-01,M,,"1410 Longworth HOB; Washington DC 20515-0607",7.0,Democrat,202-225-2645,CO,rep,http://perlmutter.house.gov,39.8468904,-105.0791228,66
P000595,N00029277,Gary,Peters,1958-12-01,M,,"724 Hart Senate Office Building Washington DC 20510",14.0,Democrat,202-224-6221,MI,sen,http://www.peters.senate.gov,44.3148443,-85.6023643,60
P000258,N00004558,Collin,Peterson,1944-06-29,M,Lutheran,"2204 Rayburn HOB; Washington DC 20515-2307",7.0,Democrat,202-225-2165,MN,rep,http://collinpeterson.house.gov,46.3751707,-95.6854021,75
P000597,N00013817,Chellie,Pingree,1955-04-02,F,,"2162 Rayburn HOB; Washington DC 20515-1901",1.0,Democrat,202-225-6116,ME,rep,https://pingree.house.gov,43.8132979,-70.3870587,64
P000592,N00026457,Ted,Poe,1948-09-10,M,Unknown,"2132 Rayburn HOB; Washington DC 20515-4302",2.0,Republican,202-225-6565,TX,rep,https://poe.house.gov,30.0108839,-95.1849219,71
P000598,N00029127,Jared,Polis,1975-05-12,M,,"1727 Longworth HOB; Washington DC 20515-0602",2.0,Democrat,202-225-2161,CO,rep,http://polis.house.gov,40.0583238,-105.5943388,44
P000602,N00030744,Mike,Pompeo,1963-12-30,M,,"2452 Rayburn HOB; Washington DC 20515-1604",4.0,Republican,202-225-6216,KS,rep,http://pompeo.house.gov,37.4047786,-97.4381355,55
P000449,N00003682,Robert,Portman,1955-12-19,M,Methodist,"448 Russell Senate Office Building Washington DC 20510",2.0,Republican,202-224-3353,OH,sen,http://www.portman.senate.gov,40.4172871,-82.907123,63
P000599,N00029662,Bill,Posey,1947-12-18,M,,"2150 Rayburn HOB; Washington DC 20515-0908",8.0,Republican,202-225-3671,FL,rep,http://posey.house.gov,28.0784244,-80.7214417,71
P000523,N00002260,David,Price,1940-08-17,M,Baptist,"2108 Rayburn HOB; Washington DC 20515-3304",4.0,Democrat,202-225-1784,NC,rep,http://price.house.gov,35.9791445,-79.0645056,79
P000591,N00026160,Tom,Price,1954-10-08,M,,"1211 Longworth HOB; Washington DC 20515-1006",6.0,Republican,202-225-4501,GA,rep,https://tomprice.house.gov,33.9813558,-84.3962535,65
Q000023,N00030581,Mike,Quigley,1958-10-17,M,,"2458 Rayburn HOB; Washington DC 20515-1305",5.0,Democrat,202-225-4061,IL,rep,http://quigley.house.gov,41.959547,-87.8746146,61
R000585,N00030949,Tom,Reed,1971-11-18,M,,"2437 Rayburn HOB; Washington DC 20515-3223",23.0,Republican,202-225-3161,NY,rep,http://reed.house.gov,42.321027,-77.3783789,47
R000578,N00026885,David,Reichert,1950-08-29,M,,"1127 Longworth HOB; Washington DC 20515-4708",8.0,Republican,202-225-7761,WA,rep,http://reichert.house.gov,47.1749548,-120.931941,69
R000586,N00031127,James,Renacci,1958-12-03,M,,"328 Cannon HOB; Washington DC 20515-3516",16.0,Republican,202-225-3876,OH,rep,https://renacci.house.gov,40.9073587,-81.7787021,60
R000588,N00030184,Cedric,Richmond,1973-09-13,M,,"420 Cannon HOB; Washington DC 20515-1802",2.0,Democrat,202-225-6636,LA,rep,http://richmond.house.gov,30.0187511,-90.6393702,46
R000591,N00030768,Martha,Roby,1976-07-27,F,,"442 Cannon HOB; Washington DC 20515-0102",2.0,Republican,202-225-2901,AL,rep,http://roby.house.gov,31.7510453,-86.0937312,43
R000582,N00028463,David,Roe,1945-07-21,M,,"336 Cannon HOB; Washington DC 20515-4201",1.0,Republican,202-225-6356,TN,rep,http://roe.house.gov,36.2364351,-83.0790865,74
R000395,N00003473,Harold,Rogers,1937-12-31,M,Baptist,"2406 Rayburn HOB; Washington DC 20515-1705",5.0,Republican,202-225-4601,KY,rep,http://halrogers.house.gov,37.2855632,-83.4216613,81
R000575,N00024759,Mike,Rogers,1958-07-16,M,,"2184 Rayburn HOB; Washington DC 20515-0103",3.0,Republican,202-225-3261,AL,rep,http://mikerogers.house.gov,33.1870471,-85.7666645,61
R000409,N00007151,Dana,Rohrabacher,1947-06-21,M,Christian,"2300 Rayburn HOB; Washington DC 20515-0548",48.0,Republican,202-225-2415,CA,rep,http://rohrabacher.house.gov,33.6384531,-117.9014654,72
R000592,N00031741,Todd,Rokita,1970-02-09,M,,"2439 Rayburn HOB; Washington DC 20515-1404",4.0,Republican,202-225-5037,IN,rep,http://rokita.house.gov,40.426234,-86.7416374,49
R000583,N00029018,Thomas,Rooney,1970-11-21,M,,"2160 Rayburn HOB; Washington DC 20515-0917",17.0,Republican,202-225-5792,FL,rep,https://rooney.house.gov,27.4890326,-81.6911559,48
R000435,N00002858,Ileana,Ros-Lehtinen,1952-07-15,F,"Roman Catholic","2206 Rayburn HOB; Washington DC 20515-0927",27.0,Republican,202-225-3931,FL,rep,http://ros-lehtinen.house.gov,25.5722267,-80.2321313,67
R000580,N00004719,Peter,Roskam,1961-09-13,M,,"2246 Rayburn HOB; Washington DC 20515-1306",6.0,Republican,202-225-4561,IL,rep,http://roskam.house.gov,42.1815701,-88.1291387,58
R000593,N00030645,Dennis,Ross,1959-10-18,M,,"436 Cannon HOB; Washington DC 20515-0915",15.0,Republican,202-225-1252,FL,rep,http://dennisross.house.gov,27.9704064,-81.9534815,60
R000486,N00006671,Lucille,Roybal-Allard,1941-06-12,F,"Roman Catholic","2083 Rayburn HOB; Washington DC 20515-0540",40.0,Democrat,202-225-1766,CA,rep,http://roybal-allard.house.gov,33.9733032,-118.1707794,78
R000487,N00008264,Edward,Royce,1951-10-12,M,"Roman Catholic","2310 Rayburn HOB; Washington DC 20515-0539",39.0,Republican,202-225-4111,CA,rep,http://royce.house.gov,33.9348701,-117.784246,68
R000595,N00030612,Marco,Rubio,1971-05-28,M,,"284 Russell Senate Office Building Washington DC 20510",,Republican,202-224-3041,FL,sen,http://www.rubio.senate.gov,27.6648274,-81.5157535,48
R000576,N00025482,C.,Ruppersberger,1946-01-31,M,Methodist,"2416 Rayburn HOB; Washington DC 20515-2002",2.0,Democrat,202-225-3061,MD,rep,http://ruppersberger.house.gov,39.3046705,-76.4100267,73
R000515,N00004887,Bobby,Rush,1946-11-23,M,Protestant,"2188 Rayburn HOB; Washington DC 20515-1301",1.0,Democrat,202-225-4372,IL,rep,http://rush.house.gov,41.4620715,-87.8942451,72
R000570,N00004357,Paul,Ryan,1970-01-29,M,"Roman Catholic","1233 Longworth HOB; Washington DC 20515-4901",1.0,Republican,202-225-3031,WI,rep,http://paulryan.house.gov,42.6953909,-88.3239309,49
R000577,N00025280,Tim,Ryan,1973-07-16,M,"Roman Catholic","1126 Longworth HOB; Washington DC 20515-3513",13.0,Democrat,202-225-5261,OH,rep,http://timryan.house.gov,41.1612684,-80.8986502,46
S001177,N00030418,Gregorio,Sablan,1955-01-19,M,,"2411 Rayburn HOB; Washington DC 20515-5201",0.0,Democrat,202-225-2646,MP,rep,http://sablan.house.gov,15.2020507,145.7176095,64
S001168,N00027751,John,Sarbanes,1962-05-22,M,,"2444 Rayburn HOB; Washington DC 20515-2003",3.0,Democrat,202-225-4016,MD,rep,https://sarbanes.house.gov,39.1236836,-76.4331698,57
S001176,N00009660,Steve,Scalise,1965-10-06,M,,"2338 Rayburn HOB; Washington DC 20515-1801",1.0,Republican,202-225-3015,LA,rep,http://scalise.house.gov,29.6034657,-89.8505012,54
S001145,N00004724,Janice,Schakowsky,1944-05-26,F,Jewish,"2367 Rayburn HOB; Washington DC 20515-1309",9.0,Democrat,202-225-2111,IL,rep,http://schakowsky.house.gov,42.0365407,-87.7566513,75
S001150,N00009585,Adam,Schiff,1960-06-22,M,,"2372 Rayburn HOB; Washington DC 20515-0528",28.0,Democrat,202-225-4176,CA,rep,http://schiff.house.gov,34.3112663,-118.2526623,59
S001180,N00030071,Kurt,Schrader,1951-10-19,M,,"2431 Rayburn HOB; Washington DC 20515-3705",5.0,Democrat,202-225-5711,OR,rep,http://schrader.house.gov,44.8766729,-123.1363866,68
S000148,N00001093,Charles,Schumer,1950-11-23,M,Jewish,"322 Hart Senate Office Building Washington DC 20510",9.0,Democrat,202-224-6542,NY,sen,https://www.schumer.senate.gov,40.7127753,-74.0059728,68
S001183,N00006460,David,Schweikert,1962-03-03,M,,"2059 Rayburn HOB; Washington DC 20515-0306",6.0,Republican,202-225-2190,AZ,rep,http://schweikert.house.gov,33.6883346,-111.9045541,57
S001189,N00032457,Austin,Scott,1969-12-10,M,,"2417 Rayburn HOB; Washington DC 20515-1008",8.0,Republican,202-225-6531,GA,rep,http://austinscott.house.gov,31.6414241,-83.4216613,49
S001157,N00024871,David,Scott,1945-06-27,M,Baptist,"225 Cannon HOB; Washington DC 20515-1013",13.0,Democrat,202-225-2939,GA,rep,http://davidscott.house.gov,33.6362253,-84.6479124,74
S000185,N00002147,Robert,Scott,1947-04-30,M,Episcopalian,"1201 Longworth HOB; Washington DC 20515-4603",3.0,Democrat,202-225-8351,VA,rep,http://bobbyscott.house.gov,36.9552785,-76.5488232,72
S001184,N00031782,Tim,Scott,1965-09-19,M,,"520 Hart Senate Office Building Washington DC 20510",1.0,Republican,202-224-6121,SC,sen,https://www.scott.senate.gov,33.836081,-81.1637245,54
S000244,N00004291,F.,Sensenbrenner,1943-06-14,M,Episcopalian,"2449 Rayburn HOB; Washington DC 20515-4905",5.0,Republican,202-225-5101,WI,rep,http://sensenbrenner.house.gov,43.2430754,-88.556531,76
S000248,N00001813,"José",Serrano,1943-10-24,M,"Roman Catholic","2354 Rayburn HOB; Washington DC 20515-3215",15.0,Democrat,202-225-4361,NY,rep,http://serrano.house.gov,40.8322296,-73.900709,76
S000250,N00005681,Pete,Sessions,1955-03-22,M,Methodist,"2233 Rayburn HOB; Washington DC 20515-4332",32.0,Republican,202-225-2231,TX,rep,https://sessions.house.gov,32.9251002,-96.642433,64
S001185,N00030622,Terri,Sewell,1965-01-01,F,,"2201 Rayburn HOB; Washington DC 20515-0107",7.0,Democrat,202-225-2665,AL,rep,https://sewell.house.gov,32.6998766,-87.8549755,54
S000320,N00009920,Richard,Shelby,1934-05-06,M,Presbyterian,"304 Russell Senate Office Building Washington DC 20510",7.0,Republican,202-224-5744,AL,sen,http://www.shelby.senate.gov,32.3182314,-86.902298,85
S000344,N00006897,Brad,Sherman,1954-10-24,M,Jewish,"2181 Rayburn HOB; Washington DC 20515-0530",30.0,Democrat,202-225-5911,CA,rep,http://sherman.house.gov,34.2143956,-118.5564526,65
S000364,N00004961,John,Shimkus,1958-02-21,M,Lutheran,"2217 Rayburn HOB; Washington DC 20515-1315",15.0,Republican,202-225-5271,IL,rep,http://shimkus.house.gov,42.1207771,-88.0370545,61
S001154,N00013770,Bill,Shuster,1961-01-10,M,,"2079 Rayburn HOB; Washington DC 20515-3809",9.0,Republican,202-225-2431,PA,rep,http://shuster.house.gov,40.6188357,-76.2710833,58
S001148,N00006263,Michael,Simpson,1950-09-08,M,"Latter Day Saints","2084 Rayburn HOB; Washington DC 20515-1202",2.0,Republican,202-225-5531,ID,rep,http://simpson.house.gov,43.0510571,-113.8231739,69
S001165,N00027523,Albio,Sires,1951-01-26,M,,"2342 Rayburn HOB; Washington DC 20515-3008",8.0,Democrat,202-225-7919,NJ,rep,http://sires.house.gov,40.7437183,-74.1122506,68
S000480,N00001311,Louise,Slaughter,1929-08-14,F,Episcopalian,"2469 Rayburn HOB; Washington DC 20515-3225",25.0,Democrat,202-225-3615,NY,rep,https://louise.house.gov,43.3503088,-77.6536125,90
S000510,N00007833,Adam,Smith,1965-06-15,M,Christian,"2264 Rayburn HOB; Washington DC 20515-4709",9.0,Democrat,202-225-8901,WA,rep,https://adamsmith.house.gov,47.4393448,-122.2613242,54
S001172,N00027623,Adrian,Smith,1970-12-19,M,,"320 Cannon HOB; Washington DC 20515-2703",3.0,Republican,202-225-6435,NE,rep,http://adriansmith.house.gov,41.4925374,-99.9018131,48
S000522,N00009816,Christopher,Smith,1953-03-04,M,"Roman Catholic","2373 Rayburn HOB; Washington DC 20515-3004",4.0,Republican,202-225-3765,NJ,rep,http://chrissmith.house.gov,40.1718609,-74.3587473,66
S000583,N00001811,Lamar,Smith,1947-11-19,M,"Christian Scientist","2409 Rayburn HOB; Washington DC 20515-4321",21.0,Republican,202-225-4236,TX,rep,http://lamarsmith.house.gov,30.0341561,-99.0128926,71
S001175,N00029649,Jackie,Speier,1950-05-14,F,,"2465 Rayburn HOB; Washington DC 20515-0514",14.0,Democrat,202-225-3531,CA,rep,http://speier.house.gov,37.5589436,-122.4920088,69
S001187,N00029574,Steve,Stivers,1965-03-24,M,,"1022 Longworth HOB; Washington DC 20515-3515",15.0,Republican,202-225-2015,OH,rep,http://stivers.house.gov,39.5897499,-82.7347142,54
S001156,N00024870,Linda,"Sánchez",1969-01-28,F,"Roman Catholic","2329 Rayburn HOB; Washington DC 20515-0538",38.0,Democrat,202-225-6676,CA,rep,https://lindasanchez.house.gov,33.9332992,-118.0420282,50
T000193,N00003288,Bennie,Thompson,1948-01-28,M,Methodist,"2466 Rayburn HOB; Washington DC 20515-2402",2.0,Democrat,202-225-5876,MS,rep,http://benniethompson.house.gov,33.4379928,-90.2995785,71
T000460,N00007419,Mike,Thompson,1951-01-24,M,Catholic,"231 Cannon HOB; Washington DC 20515-0505",5.0,Democrat,202-225-3311,CA,rep,http://mikethompson.house.gov,38.4465107,-122.4467238,68
T000467,N00029736,Glenn,Thompson,1959-07-27,M,,"124 Cannon HOB; Washington DC 20515-3805",5.0,Republican,202-225-5121,PA,rep,http://thompson.house.gov,39.907793,-75.3878525,60
T000238,N00006052,Mac,Thornberry,1958-07-15,M,Presbyterian,"2208 Rayburn HOB; Washington DC 20515-4313",13.0,Republican,202-225-3706,TX,rep,http://thornberry.house.gov,35.0663876,-100.9807003,61
T000250,N00004572,John,Thune,1961-01-07,M,,"511 Dirksen Senate Office Building Washington DC 20510",0.0,Republican,202-224-2321,SD,sen,http://www.thune.senate.gov,43.9695148,-99.9018131,58
T000462,N00009699,Patrick,Tiberi,1962-10-21,M,Catholic,"1203 Longworth HOB; Washington DC 20515-3512",12.0,Republican,202-225-5355,OH,rep,http://tiberi.house.gov,40.1572256,-82.6483442,57
T000470,N00027509,Scott,Tipton,1956-11-09,M,,"218 Cannon HOB; Washington DC 20515-0603",3.0,Republican,202-225-4761,CO,rep,http://tipton.house.gov,38.0281818,-107.2902839,62
T000469,N00030196,Paul,Tonko,1949-06-18,M,,"2463 Rayburn HOB; Washington DC 20515-3220",20.0,Democrat,202-225-5076,NY,rep,http://tonko.house.gov,42.7283757,-73.9359821,70
T000461,N00001489,Patrick,Toomey,1961-11-17,M,,"248 Russell Senate Office Building Washington DC 20510",15.0,Republican,202-224-4254,PA,sen,http://www.toomey.senate.gov,41.2033216,-77.1945247,57
T000465,N00029026,Niki,Tsongas,1946-04-26,F,,"1714 Longworth HOB; Washington DC 20515-2103",3.0,Democrat,202-225-3411,MA,rep,http://tsongas.house.gov,42.5607147,-71.6198686,73
T000463,N00025175,Michael,Turner,1960-01-11,M,,"2368 Rayburn HOB; Washington DC 20515-3510",10.0,Republican,202-225-6465,OH,rep,https://turner.house.gov,39.7451077,-84.0167423,59
U000031,N00004133,Fred,Upton,1953-04-23,M,Protestant,"2183 Rayburn HOB; Washington DC 20515-2206",6.0,Republican,202-225-3761,MI,rep,http://upton.house.gov,42.1642659,-85.9304546,66
V000128,N00013820,Chris,"Van Hollen",1959-01-10,M,Episcopalian,"B40C Dirksen Senate Office Building Washington DC 20510",8.0,Democrat,202-224-4654,MD,sen,https://vanhollen.house.gov,39.0457549,-76.6412712,60
V000081,N00001102,Nydia,"Velázquez",1953-03-28,F,"Roman Catholic","2302 Rayburn HOB; Washington DC 20515-3207",7.0,Democrat,202-225-2361,NY,rep,http://velazquez.house.gov,40.7047738,-73.9418603,66
V000108,N00003813,Peter,Visclosky,1949-08-13,M,"Roman Catholic","2328 Rayburn HOB; Washington DC 20515-1401",1.0,Democrat,202-225-2461,IN,rep,http://visclosky.house.gov,41.4858914,-87.1422895,70
W000798,N00026368,Tim,Walberg,1951-04-12,M,,"2436 Rayburn HOB; Washington DC 20515-2207",7.0,Republican,202-225-6276,MI,rep,http://walberg.house.gov,41.9437325,-84.4382721,68
W000791,N00007690,Greg,Walden,1957-01-10,M,Episcopalian,"2185 Rayburn HOB; Washington DC 20515-3702",2.0,Republican,202-225-6730,OR,rep,http://walden.house.gov,44.2603079,-118.9575092,62
W000799,N00027467,Timothy,Walz,1964-04-06,M,,"2313 Rayburn HOB; Washington DC 20515-2301",1.0,Democrat,202-225-2472,MN,rep,http://walz.house.gov,44.0237474,-94.0695454,55
W000797,N00026106,Debbie,"Wasserman Schultz",1966-09-27,F,Jewish,"1114 Longworth HOB; Washington DC 20515-0923",23.0,Democrat,202-225-7931,FL,rep,http://wassermanschultz.house.gov,26.0625528,-80.2098219,53
W000187,N00006690,Maxine,Waters,1938-08-15,F,Christian,"2221 Rayburn HOB; Washington DC 20515-0543",43.0,Democrat,202-225-2201,CA,rep,http://waters.house.gov,33.9046927,-118.3228165,81
W000806,N00026335,Daniel,Webster,1949-04-27,M,,"1210 Longworth HOB; Washington DC 20515-0911",11.0,Republican,202-225-1002,FL,rep,http://webster.house.gov,28.9089085,-82.12784,70
W000800,N00000515,Peter,Welch,1947-05-02,M,,"2303 Rayburn HOB; Washington DC 20515-4500",0.0,Democrat,202-225-4115,VT,rep,http://welch.house.gov,44.4807108,-73.2138786,72
W000795,N00024809,Joe,Wilson,1947-07-31,M,Presbyterian,"1436 Longworth HOB; Washington DC 20515-4002",2.0,Republican,202-225-2452,SC,rep,http://joewilson.house.gov,33.6712005,-81.3399414,72
W000808,N00030650,Frederica,Wilson,1942-11-05,F,,"2445 Rayburn HOB; Washington DC 20515-0924",24.0,Democrat,202-225-4506,FL,rep,http://wilson.house.gov,25.9221222,-80.2098219,76
W000804,N00029459,Robert,Wittman,1959-02-03,M,Episcopalian,"2055 Rayburn HOB; Washington DC 20515-4601",1.0,Republican,202-225-4261,VA,rep,https://wittman.house.gov,37.72186,-76.6412712,60
W000809,N00031857,Steve,Womack,1957-02-18,M,,"2412 Rayburn HOB; Washington DC 20515-0403",3.0,Republican,202-225-4301,AR,rep,http://womack.house.gov,36.0148605,-94.2333355,62
W000810,N00032416,Rob,Woodall,1970-02-11,M,,"1724 Longworth HOB; Washington DC 20515-1007",7.0,Republican,202-225-4272,GA,rep,http://woodall.house.gov,33.965558,-84.059029,49
W000779,N00007724,Ron,Wyden,1949-05-03,M,Jewish,"221 Dirksen Senate Office Building Washington DC 20510",3.0,Democrat,202-224-5244,OR,sen,https://www.wyden.senate.gov,43.8041334,-120.5542012,70
Y000062,N00028073,John,Yarmuth,1947-11-04,M,,"131 Cannon HOB; Washington DC 20515-1703",3.0,Democrat,202-225-5401,KY,rep,http://yarmuth.house.gov,38.1968222,-85.7256372,71
Y000063,N00031502,Kevin,Yoder,1976-01-08,M,,"2433 Rayburn HOB; Washington DC 20515-1603",3.0,Republican,202-225-2865,KS,rep,http://yoder.house.gov,38.9721746,-94.8105955,43
Y000033,N00007999,Don,Young,1933-06-09,M,Episcopalian,"2314 Rayburn HOB; Washington DC 20515-0200",0.0,Republican,202-225-5765,AK,rep,http://donyoung.house.gov,64.8382973,-147.7082448,86
Y000064,N00030670,Todd,Young,1972-08-24,M,,"B33 Russell Senate Office Building Washington DC 20510",9.0,Republican,202-224-5623,IN,sen,http://toddyoung.house.gov,40.2671941,-86.1349019,47
H001041,N00027522,Dean,Heller,1960-05-10,M,,"324 Hart Senate Office Building Washington DC 20510",2.0,Republican,202-224-6244,NV,sen,http://www.heller.senate.gov/public,38.8026097,-116.419389,59
A000369,N00031177,Mark,Amodei,1958-06-12,M,,"332 Cannon HOB; Washington DC 20515-2802",2.0,Republican,202-225-6155,NV,rep,http://amodei.house.gov,40.8672294,-117.9249002,61
B001278,N00033474,Suzanne,Bonamici,1954-10-14,F,,"439 Cannon HOB; Washington DC 20515-3701",1.0,Democrat,202-225-0855,OR,rep,http://bonamici.house.gov,45.9962975,-123.5823627,65
D000617,N00030693,Suzan,DelBene,1962-02-17,F,,"2442 Rayburn HOB; Washington DC 20515-4701",1.0,Democrat,202-225-6311,WA,rep,http://delbene.house.gov,48.3261289,-121.7423011,57
M001184,N00034041,Thomas,Massie,1971-01-13,M,,"2453 Rayburn HOB; Washington DC 20515-1704",4.0,Republican,202-225-3465,KY,rep,http://massie.house.gov,38.6885629,-84.4382721,48
P000604,N00034639,Donald,Payne,1958-12-17,M,,"132 Cannon HOB; Washington DC 20515-3010",10.0,Democrat,202-225-3436,NJ,rep,http://payne.house.gov,40.7321518,-74.2414092,60
S001194,N00028138,Brian,Schatz,1972-10-20,M,,"722 Hart Senate Office Building Washington DC 20510",,Democrat,202-224-3934,HI,sen,http://www.schatz.senate.gov,19.8967662,-155.5827818,47
F000454,N00029139,Bill,Foster,1955-10-07,M,,"1224 Longworth HOB; Washington DC 20515-1311",11.0,Democrat,202-225-3515,IL,rep,http://foster.house.gov,41.6854103,-88.1096118,64
T000468,N00030191,Dina,Titus,1950-05-23,F,,"2464 Rayburn HOB; Washington DC 20515-2801",1.0,Democrat,202-225-5965,NV,rep,https://titus.house.gov,36.1247966,-115.1652008,69
C001095,N00033363,Tom,Cotton,1977-05-13,M,,"124 Russell Senate Office Building Washington DC 20510",4.0,Republican,202-224-2353,AR,sen,https://www.cotton.senate.gov,35.20105,-91.8318334,42
S001191,N00033983,Kyrsten,Sinema,1976-07-12,F,,"1725 Longworth HOB; Washington DC 20515-0309",9.0,Democrat,202-225-9888,AZ,rep,https://sinema.house.gov,33.3472302,-111.9045541,43
L000578,N00033987,Doug,LaMalfa,1960-07-02,M,,"322 Cannon HOB; Washington DC 20515-0501",1.0,Republican,202-225-3076,CA,rep,http://lamalfa.house.gov,40.7393467,-121.5288988,59
H001068,N00033030,Jared,Huffman,1964-02-18,M,,"1406 Longworth HOB; Washington DC 20515-0502",2.0,Democrat,202-225-5161,CA,rep,http://huffman.house.gov,39.5500194,-123.438353,55
B001287,N00030717,Ami,Bera,1965-03-02,M,,"1431 Longworth HOB; Washington DC 20515-0507",7.0,Democrat,202-225-5716,CA,rep,http://bera.house.gov,38.5288349,-121.1710389,54
C001094,N00034224,Paul,Cook,1943-03-03,M,,"1222 Longworth HOB; Washington DC 20515-0508",8.0,Republican,202-225-5861,CA,rep,http://cook.house.gov,35.8482746,-116.7967849,76
S001193,N00033508,Eric,Swalwell,1980-11-16,M,,"129 Cannon HOB; Washington DC 20515-0515",15.0,Democrat,202-225-5065,CA,rep,http://swalwell.house.gov,37.6016892,-121.7195459,38
V000129,N00033367,David,Valadao,1977-04-14,M,,"1728 Longworth HOB; Washington DC 20515-0521",21.0,Republican,202-225-4695,CA,rep,http://valadao.house.gov,36.1526983,-119.9740534,42
B001285,N00034254,Julia,Brownley,1952-08-28,F,,"1019 Longworth HOB; Washington DC 20515-0526",26.0,Democrat,202-225-5811,CA,rep,http://juliabrownley.house.gov,34.2078567,-119.1390642,67
C001097,N00033373,Tony,"Cárdenas",1963-03-31,M,,"1510 Longworth HOB; Washington DC 20515-0529",29.0,Democrat,202-225-6131,CA,rep,http://cardenas.house.gov,34.2497651,-118.4163103,56
R000599,N00033510,Raul,Ruiz,1972-08-25,M,,"1319 Longworth HOB; Washington DC 20515-0536",36.0,Democrat,202-225-5330,CA,rep,https://ruiz.house.gov,33.6825587,-115.4733554,47
T000472,N00006701,Mark,Takano,1960-12-10,M,,"1507 Longworth HOB; Washington DC 20515-0541",41.0,Democrat,202-225-2305,CA,rep,https://takano.house.gov,33.9659564,-117.3146351,58
L000579,N00033274,Alan,Lowenthal,1941-03-08,M,,"125 Cannon HOB; Washington DC 20515-0547",47.0,Democrat,202-225-7924,CA,rep,http://lowenthal.house.gov,33.3614631,-118.4396756,78
V000130,N00007021,Juan,Vargas,1961-03-07,M,,"1605 Longworth HOB; Washington DC 20515-0551",51.0,Democrat,202-225-8045,CA,rep,http://vargas.house.gov,33.0113694,-115.4733554,58
P000608,N00033591,Scott,Peters,1958-06-17,M,,"1122 Longworth HOB; Washington DC 20515-0552",52.0,Democrat,202-225-0508,CA,rep,http://scottpeters.house.gov,32.931659,-117.1264753,61
E000293,N00033217,Elizabeth,Esty,1959-08-25,F,,"221 Cannon HOB; Washington DC 20515-0705",5.0,Democrat,202-225-4476,CT,rep,http://esty.house.gov,41.6950199,-73.1821623,60
Y000065,N00033220,Ted,Yoho,1955-04-13,M,,"511 Cannon HOB; Washington DC 20515-0903",3.0,Republican,202-225-5744,FL,rep,http://yoho.house.gov,29.7346042,-82.0407137,64
D000621,N00034746,Ron,DeSantis,1978-09-14,M,,"1524 Longworth HOB; Washington DC 20515-0906",6.0,Republican,202-225-2706,FL,rep,http://desantis.house.gov,29.3222017,-81.3399414,41
F000462,N00002893,Lois,Frankel,1948-05-16,F,,"1037 Longworth HOB; Washington DC 20515-0921",21.0,Democrat,202-225-3001,FL,rep,http://frankel.house.gov,26.4802992,-80.1651854,71
C001093,N00033518,Doug,Collins,1966-08-16,M,,"1504 Longworth HOB; Washington DC 20515-1009",9.0,Republican,202-225-9893,GA,rep,http://dougcollins.house.gov,34.5266218,-83.7624053,53
G000571,N00033281,Tulsi,Gabbard,1981-04-12,F,,"1433 Longworth HOB; Washington DC 20515-1102",2.0,Democrat,202-225-4906,HI,rep,http://gabbard.house.gov,19.5429151,-155.6658568,38
D000622,N00027860,Tammy,Duckworth,1968-03-12,F,,"G12 Dirksen Senate Office Building Washington DC 20510",8.0,Democrat,202-224-2854,IL,sen,http://duckworth.house.gov,40.6331249,-89.3985283,51
D000619,N00034784,Rodney,Davis,1970-01-05,M,,"1740 Longworth HOB; Washington DC 20515-1313",13.0,Republican,202-225-2371,IL,rep,http://rodneydavis.house.gov,39.1535015,-89.5497632,49
B001286,N00033390,Cheri,Bustos,1961-10-17,F,,"1009 Longworth HOB; Washington DC 20515-1317",17.0,Democrat,202-225-5905,IL,rep,http://bustos.house.gov,40.9583003,-90.2995785,58
W000813,N00031226,Jackie,Walorski,1963-08-17,F,,"419 Cannon HOB; Washington DC 20515-1402",2.0,Republican,202-225-3915,IN,rep,http://walorski.house.gov,41.3751428,-86.0937312,56
B001284,N00033495,Susan,Brooks,1960-08-25,F,,"1030 Longworth HOB; Washington DC 20515-1405",5.0,Republican,202-225-2276,IN,rep,http://susanwbrooks.house.gov,40.3947258,-85.7666645,59
M001189,N00012546,Luke,Messer,1969-02-27,M,,"1230 Longworth HOB; Washington DC 20515-1406",6.0,Republican,202-225-3021,IN,rep,https://messer.house.gov,39.5559052,-85.2722472,50
B001282,N00031233,Garland,Barr,1973-07-24,M,,"1427 Longworth HOB; Washington DC 20515-1706",6.0,Republican,202-225-4706,KY,rep,https://barr.house.gov,38.0000605,-84.1012861,46
W000817,N00033492,Elizabeth,Warren,1949-06-22,F,,"317 Hart Senate Office Building Washington DC 20510",,Democrat,202-224-4543,MA,sen,http://www.warren.senate.gov,42.4072107,-71.3824374,70
K000379,N00034044,Joseph,Kennedy,1980-10-04,M,,"434 Cannon HOB; Washington DC 20515-2104",4.0,Democrat,202-225-5931,MA,rep,http://kennedy.house.gov,41.9633951,-71.2399037,39
D000620,N00033897,John,Delaney,1963-04-16,M,,"1632 Longworth HOB; Washington DC 20515-2006",6.0,Democrat,202-225-2721,MD,rep,http://delaney.house.gov,39.5681243,-79.2902133,56
K000383,N00034580,Angus,King,1944-03-31,M,,"133 Hart Senate Office Building Washington DC 20510",,Independent,202-224-5344,ME,sen,http://www.king.senate.gov,45.253783,-69.4454689,75
K000380,N00033395,Daniel,Kildee,1958-08-11,M,,"227 Cannon HOB; Washington DC 20515-2205",5.0,Democrat,202-225-3611,MI,rep,http://dankildee.house.gov,42.725042,-84.605377,61
N000127,N00021207,Richard,Nolan,1943-12-17,M,,"2366 Rayburn HOB; Washington DC 20515-2308",8.0,Democrat,202-225-6211,MN,rep,http://nolan.house.gov,46.7778004,-93.3011989,75
W000812,N00033106,Ann,Wagner,1962-09-13,F,,"435 Cannon HOB; Washington DC 20515-2502",2.0,Republican,202-225-1621,MO,rep,http://wagner.house.gov,38.6096747,-90.563609,57
D000618,N00033054,Steve,Daines,1962-08-20,M,,"320 Hart Senate Office Building Washington DC 20510",0.0,Republican,202-224-2651,MT,sen,https://www.daines.senate.gov,46.8796822,-110.3625658,57
H001067,N00033630,Richard,Hudson,1971-11-04,M,,"429 Cannon HOB; Washington DC 20515-3308",8.0,Republican,202-225-3715,NC,rep,http://hudson.house.gov,35.3485531,-80.2767327,47
P000606,N00034416,Robert,Pittenger,1948-08-15,M,,"224 Cannon HOB; Washington DC 20515-3309",9.0,Republican,202-225-1976,NC,rep,http://pittenger.house.gov,34.9004798,-80.6770787,71
M001187,N00033631,Mark,Meadows,1959-07-28,M,,"1024 Longworth HOB; Washington DC 20515-3311",11.0,Republican,202-225-6401,NC,rep,https://meadows.house.gov,35.2120095,-83.4216613,60
H001065,N00033399,George,Holding,1968-04-17,M,,"1110 Longworth HOB; Washington DC 20515-3302",2.0,Republican,202-225-3032,NC,rep,http://holding.house.gov,35.7676929,-78.2020387,51
H001069,N00033782,Heidi,Heitkamp,1955-10-30,F,,"110 Hart Senate Office Building Washington DC 20510",,Democrat,202-224-2043,ND,sen,http://www.heitkamp.senate.gov/public,47.5514926,-101.0020119,63
C001096,N00004614,Kevin,Cramer,1961-01-21,M,,"1717 Longworth HOB; Washington DC 20515-3400",0.0,Republican,202-225-2611,ND,rep,http://cramer.house.gov,46.8090113,-100.7882597,58
F000463,N00033443,Deb,Fischer,1951-03-01,F,,"454 Russell Senate Office Building Washington DC 20510",,Republican,202-224-6551,NE,sen,http://www.fischer.senate.gov,41.4925374,-99.9018131,68
K000382,N00030875,Ann,Kuster,1956-09-05,F,,"137 Cannon HOB; Washington DC 20515-2902",2.0,Democrat,202-225-5206,NH,rep,http://kuster.house.gov,43.1367973,-72.1416132,63
L000580,N00029400,Michelle,"Lujan Grisham",1959-10-24,F,,"214 Cannon HOB; Washington DC 20515-3101",1.0,Democrat,202-225-6316,NM,rep,https://lujangrisham.house.gov,34.6784317,-105.9699878,60
M001188,N00034547,Grace,Meng,1975-10-01,F,,"1317 Longworth HOB; Washington DC 20515-3206",6.0,Democrat,202-225-2601,NY,rep,http://meng.house.gov,40.72341,-73.8301437,44
J000294,N00033640,Hakeem,Jeffries,1970-08-04,M,,"1607 Longworth HOB; Washington DC 20515-3208",8.0,Democrat,202-225-5936,NY,rep,http://jeffries.house.gov,40.6148109,-73.900709,49
M001185,N00034277,Sean,Maloney,1966-07-30,M,,"1027 Longworth HOB; Washington DC 20515-3218",18.0,Democrat,202-225-5441,NY,rep,http://seanmaloney.house.gov,41.3911653,-74.3118212,53
C001092,N00001285,Chris,Collins,1950-05-20,M,,"1117 Longworth HOB; Washington DC 20515-3227",27.0,Republican,202-225-5265,NY,rep,http://chriscollins.house.gov,43.0550212,-78.4751945,69
W000815,N00033310,Brad,Wenstrup,1958-06-17,M,,"2419 Longworth HOB; Washington DC 20515-3502",2.0,Republican,202-225-3164,OH,rep,http://wenstrup.house.gov,38.9691818,-83.4216613,61
B001281,N00033904,Joyce,Beatty,1950-03-12,F,,"133 Cannon HOB; Washington DC 20515-3503",3.0,Democrat,202-225-4324,OH,rep,http://beatty.house.gov,39.9502537,-82.9286428,69
J000295,N00035007,David,Joyce,1957-03-17,M,,"1124 Longworth HOB; Washington DC 20515-3514",14.0,Republican,202-225-5731,OH,rep,http://joyce.house.gov,41.724348,-80.9871074,62
B001283,N00033532,Jim,Bridenstine,1975-06-15,M,,"216 Cannon HOB; Washington DC 20515-3601",1.0,Republican,202-225-2211,OK,rep,http://bridenstine.house.gov,36.0355655,-95.8142885,44
M001190,N00033410,Markwayne,Mullin,1977-07-26,M,,"1113 Longworth HOB; Washington DC 20515-3602",2.0,Republican,202-225-2701,OK,rep,http://mullin.house.gov,34.7432484,-95.3939551,42
P000605,N00034120,Scott,Perry,1962-05-27,M,,"1207 Longworth HOB; Washington DC 20515-3804",4.0,Republican,202-225-5836,PA,rep,http://perry.house.gov,40.2290075,-75.3878525,57
R000598,N00031253,Keith,Rothfus,1962-04-25,M,,"1205 Longworth HOB; Washington DC 20515-3812",12.0,Republican,202-225-2065,PA,rep,https://rothfus.house.gov,41.5598456,-77.5619419,57
C001090,N00034128,Matthew,Cartwright,1961-05-01,M,,"1034 Longworth HOB; Washington DC 20515-3817",17.0,Democrat,202-225-5546,PA,rep,http://cartwright.house.gov,40.6216777,-80.1875065,58
R000597,N00033832,Tom,Rice,1957-08-04,M,,"223 Cannon HOB; Washington DC 20515-4007",7.0,Republican,202-225-9895,SC,rep,http://rice.house.gov,34.2394451,-79.560344,62
C001098,N00033085,Ted,Cruz,1970-12-22,M,,"404 Russell Senate Office Building Washington DC 20510",,Republican,202-224-5922,TX,sen,https://www.cruz.senate.gov,31.9685988,-99.9018131,48
W000814,N00033539,Randy,Weber,1953-07-02,M,,"1708 Longworth HOB; Washington DC 20515-4314",14.0,Republican,202-225-2831,TX,rep,http://weber.house.gov,29.2264354,-95.1432068,66
O000170,N00033540,Beto,"O'Rourke",1972-09-26,M,,"1330 Longworth HOB; Washington DC 20515-4316",16.0,Democrat,202-225-4831,TX,rep,http://orourke.house.gov,31.8803177,-106.2992912,47
C001091,N00033316,Joaquin,Castro,1974-09-16,M,,"1221 Longworth HOB; Washington DC 20515-4320",20.0,Democrat,202-225-3236,TX,rep,http://castro.house.gov,29.4848995,-98.6380598,45
W000816,N00030602,Roger,Williams,1949-09-13,M,,"1323 Longworth HOB; Washington DC 20515-4325",25.0,Republican,202-225-9896,TX,rep,http://williams.house.gov,31.5628076,-97.9592863,70
V000131,N00033839,Marc,Veasey,1971-01-03,M,,"1519 Longworth HOB; Washington DC 20515-4333",33.0,Democrat,202-225-9897,TX,rep,http://veasey.house.gov,32.7717158,-96.9853474,48
V000132,N00034349,Filemon,Vela,1963-02-13,M,,"437 Cannon HOB; Washington DC 20515-4334",34.0,Democrat,202-225-9901,TX,rep,http://vela.house.gov,27.1552019,-97.6114217,56
S001192,N00033932,Chris,Stewart,1960-07-15,M,,"323 Cannon HOB; Washington DC 20515-4402",2.0,Republican,202-225-9730,UT,rep,http://stewart.house.gov,38.7803351,-112.2384017,59
K000384,N00033177,Timothy,Kaine,1958-02-26,M,,"231 Russell Senate Office Building Washington DC 20510",,Democrat,202-224-4024,VA,sen,http://www.kaine.senate.gov,37.4315734,-78.6568942,61
K000381,N00034453,Derek,Kilmer,1974-01-01,M,,"1520 Longworth HOB; Washington DC 20515-4706",6.0,Democrat,202-225-5916,WA,rep,http://kilmer.house.gov,47.8197873,-123.8759612,45
H001064,N00031557,Denny,Heck,1952-07-29,M,,"425 Cannon HOB; Washington DC 20515-4710",10.0,Democrat,202-225-9740,WA,rep,http://dennyheck.house.gov,47.0557625,-122.7147804,67
P000607,N00033549,Mark,Pocan,1964-08-14,M,,"1421 Longworth HOB; Washington DC 20515-4902",2.0,Democrat,202-225-2906,WI,rep,http://pocan.house.gov,42.863397,-89.7004215,55
K000385,N00035215,Robin,Kelly,1956-04-30,F,,"1239 Longworth HOB; Washington DC 20515-1302",2.0,Democrat,202-225-0773,IL,rep,http://robinkelly.house.gov,41.1790977,-87.7763333,63
S000051,N00002424,Marshall,Sanford,1960-05-28,M,,"2211 Rayburn HOB; Washington DC 20515-4001",1.0,Republican,202-225-3176,SC,rep,http://sanford.house.gov,32.2860396,-80.7214417,59
S001195,N00035282,Jason,Smith,1980-06-16,M,,"1118 Longworth HOB; Washington DC 20515-2508",8.0,Republican,202-225-4404,MO,rep,http://jasonsmith.house.gov,36.9506683,-90.9056623,39
B001288,N00035267,Cory,Booker,1969-04-27,M,,"359 Dirksen Senate Office Building Washington DC 20510",,Democrat,202-224-3224,NJ,sen,http://www.booker.senate.gov,40.0583238,-74.4056612,50
C001101,N00035278,Katherine,Clark,1963-07-17,F,,"1415 Longworth HOB; Washington DC 20515-2105",5.0,Democrat,202-225-2836,MA,rep,https://katherineclark.house.gov,42.3009884,-71.4299364,56
B001289,N00035380,Bradley,Byrne,1955-02-16,M,,"119 Cannon HOB; Washington DC 20515-0101",1.0,Republican,202-225-4931,AL,rep,https://byrne.house.gov,30.6968553,-88.0118473,64
B001290,N00036013,David,Brat,1964-07-27,M,,"1628 Longworth HOB; Washington DC 20515-4607",7.0,Republican,202-225-2815,VA,rep,http://brat.house.gov,37.9365726,-77.8367282,55
N000188,N00036154,Donald,Norcross,1958-12-13,M,,"1531 Longworth HOB; Washington DC 20515-3001",1.0,Democrat,202-225-6501,NJ,rep,http://norcross.house.gov,39.7786988,-75.0143824,60
A000370,N00035451,Alma,Adams,1946-05-27,F,,"222 Cannon HOB; Washington DC 20515-3312",12.0,Democrat,202-225-1510,NC,rep,http://adams.house.gov,35.2833629,-80.8322428,73
P000609,N00035691,Gary,Palmer,1954-05-14,M,,"330 Cannon HOB; Washington DC 20515-0106",6.0,Republican,202-225-4921,AL,rep,https://palmer.house.gov,33.3039292,-86.6611083,65
H001072,N00035792,French,Hill,1956-12-05,M,,"1229 Longworth HOB; Washington DC 20515-0402",2.0,Republican,202-225-2506,AR,rep,https://hill.house.gov,35.0170667,-92.302446,62
W000821,N00035527,Bruce,Westerman,1967-11-18,M,,"130 Cannon HOB; Washington DC 20515-0404",4.0,Republican,202-225-3772,AR,rep,https://westerman.house.gov,34.105774,-93.4195527,51
M001197,N00033982,Martha,McSally,1966-03-22,F,,"510 Cannon HOB; Washington DC 20515-0302",2.0,Republican,202-225-2542,AZ,rep,https://mcsally.house.gov,31.828458,-109.949686,53
G000574,N00036097,Ruben,Gallego,1979-11-20,M,,"1218 Longworth HOB; Washington DC 20515-0307",7.0,Democrat,202-225-4065,AZ,rep,https://rubengallego.house.gov,33.3971868,-112.0953297,39
D000623,N00030709,Mark,DeSaulnier,1952-03-31,M,,"115 Cannon HOB; Washington DC 20515-0511",11.0,Democrat,202-225-2095,CA,rep,https://desaulnier.house.gov,37.9266474,-122.0382856,67
K000387,N00035820,Steve,Knight,1966-12-17,M,,"1023 Longworth HOB; Washington DC 20515-0525",25.0,Republican,202-225-1956,CA,rep,https://knight.house.gov,34.6554561,-118.0186087,52
A000371,N00033997,Pete,Aguilar,1979-06-19,M,,"1223 Longworth HOB; Washington DC 20515-0531",31.0,Democrat,202-225-3201,CA,rep,https://aguilar.house.gov,34.1457737,-117.3381427,40
L000582,N00035825,Ted,Lieu,1969-03-29,M,,"236 Cannon HOB; Washington DC 20515-0533",33.0,Democrat,202-225-3976,CA,rep,https://lieu.house.gov,34.0536428,-118.626479,50
T000474,N00036107,Norma,Torres,1965-04-04,F,,"1713 Longworth HOB; Washington DC 20515-0535",35.0,Democrat,202-225-6161,CA,rep,https://torres.house.gov,34.0365637,-117.6200138,54
W000820,N00035391,Mimi,Walters,1962-05-14,F,,"215 Cannon HOB; Washington DC 20515-0545",45.0,Republican,202-225-5611,CA,rep,https://walters.house.gov,33.7104191,-117.6904167,57
B001297,N00030829,Ken,Buck,1959-02-16,M,,"1130 Longworth HOB; Washington DC 20515-0604",4.0,Republican,202-225-4676,CO,rep,https://buck.house.gov,38.6150439,-102.8054753,60
C001107,N00035403,Carlos,Curbelo,1980-03-01,M,,"1404 Longworth HOB; Washington DC 20515-0926",26.0,Republican,202-225-2778,FL,rep,http://curbelo.house.gov,25.1759675,-80.6326916,39
C001103,N00035346,Buddy,Carter,1957-09-06,M,,"432 Cannon HOB; Washington DC 20515-1001",1.0,Republican,202-225-5831,GA,rep,http://buddycarter.house.gov,31.1993179,-82.0407137,62
H001071,N00032243,Jody,Hice,1960-04-22,M,,"324 Cannon HOB; Washington DC 20515-1010",10.0,Republican,202-225-4101,GA,rep,https://hice.house.gov,33.424663,-83.0790865,59
L000583,N00035347,Barry,Loudermilk,1963-12-22,M,,"329 Cannon HOB; Washington DC 20515-1011",11.0,Republican,202-225-2931,GA,rep,http://loudermilk.house.gov,34.1701845,-84.6479124,55
A000372,N00033720,Rick,Allen,1951-11-07,M,,"426 Cannon HOB; Washington DC 20515-1012",12.0,Republican,202-225-2823,GA,rep,http://allen.house.gov,32.3077888,-82.3885783,67
B001294,N00033744,Rod,Blum,1955-04-26,M,,"1108 Longworth HOB; Washington DC 20515-1501",1.0,Republican,202-225-2911,IA,rep,https://blum.house.gov,42.2162567,-92.1450245,64
Y000066,N00035509,David,Young,1968-05-11,M,,"240 Cannon HOB; Washington DC 20515-1503",3.0,Republican,202-225-5476,IA,rep,https://davidyoung.house.gov,41.5293779,-94.0695454,51
B001295,N00035420,Mike,Bost,1960-12-30,M,,"1440 Longworth HOB; Washington DC 20515-1312",12.0,Republican,202-225-5661,IL,rep,https://bost.house.gov,37.806371,-89.2467191,58
A000374,N00036633,Ralph,Abraham,1954-09-16,M,,"417 Cannon HOB; Washington DC 20515-1805",5.0,Republican,202-225-8490,LA,rep,https://abraham.house.gov,31.9747642,-92.1450245,65
G000577,N00036135,Garret,Graves,1972-01-31,M,,"430 Cannon HOB; Washington DC 20515-1806",6.0,Republican,202-225-3901,LA,rep,https://garretgraves.house.gov,30.432087,-90.9820668,47
M001196,N00035431,Seth,Moulton,1978-10-24,M,,"1408 Longworth HOB; Washington DC 20515-2106",6.0,Democrat,202-225-8020,MA,rep,https://moulton.house.gov,42.553952,-70.9071236,41
P000611,N00034584,Bruce,Poliquin,1953-11-01,M,,"1208 Longworth HOB; Washington DC 20515-1902",2.0,Republican,202-225-6306,ME,rep,https://poliquin.house.gov,45.8043831,-69.0279059,65
M001194,N00036275,John,Moolenaar,1961-05-08,M,,"117 Cannon HOB; Washington DC 20515-2204",4.0,Republican,202-225-3561,MI,rep,https://moolenaar.house.gov,43.968966,-84.6060449,58
B001293,N00036449,Mike,Bishop,1967-03-18,M,,"428 Cannon HOB; Washington DC 20515-2208",8.0,Republican,202-225-4872,MI,rep,https://mikebishop.house.gov,42.6297703,-84.0167423,52
T000475,N00035607,Dave,Trott,1960-10-16,M,,"1722 Longworth HOB; Washington DC 20515-2211",11.0,Republican,202-225-8171,MI,rep,https://trott.house.gov,42.565379,-83.5496566,59
D000624,N00036149,Debbie,Dingell,1953-11-23,F,,"116 Cannon HOB; Washington DC 20515-2212",12.0,Democrat,202-225-4071,MI,rep,https://debbiedingell.house.gov,42.2567771,-83.634843,65
L000581,N00034068,Brenda,Lawrence,1954-10-18,F,,"1213 Longworth HOB; Washington DC 20515-2214",14.0,Democrat,202-225-5802,MI,rep,https://lawrence.house.gov,42.4882666,-83.2291862,65
E000294,N00035440,Tom,Emmer,1961-03-03,M,,"315 Cannon HOB; Washington DC 20515-2306",6.0,Republican,202-225-2331,MN,rep,https://emmer.house.gov,45.3810619,-93.9678926,58
Z000018,N00035616,Ryan,Zinke,1961-11-01,M,,"1419 Longworth HOB; Washington DC 20515-2600",0.0,Republican,202-225-3211,MT,rep,https://zinke.house.gov,46.8796822,-110.3625658,57
R000603,N00033527,David,Rouzer,1972-02-16,M,,"424 Cannon HOB; Washington DC 20515-3307",7.0,Republican,202-225-2731,NC,rep,https://rouzer.house.gov,34.8414086,-78.4751945,47
M001193,N00036155,Tom,MacArthur,1960-10-16,M,,"506 Cannon HOB; Washington DC 20515-3003",3.0,Republican,202-225-4765,NJ,rep,https://macarthur.house.gov,39.8558488,-74.6868815,59
W000822,N00036158,Bonnie,"Watson Coleman",1945-02-06,F,,"1535 Longworth HOB; Washington DC 20515-3012",12.0,Democrat,202-225-5801,NJ,rep,https://watsoncoleman.house.gov,40.3572348,-74.5463282,74
Z000017,N00029404,Lee,Zeldin,1980-01-30,M,,"1517 Longworth HOB; Washington DC 20515-3201",1.0,Republican,202-225-3826,NY,rep,https://zeldin.house.gov,40.9848784,-72.6151169,39
R000602,N00035927,Kathleen,Rice,1965-02-15,F,,"1508 Longworth HOB; Washington DC 20515-3204",4.0,Democrat,202-225-5516,NY,rep,http://kathleenrice.house.gov,40.6219264,-73.6065223,54
S001196,N00035523,Elise,Stefanik,1984-07-02,F,,"318 Cannon HOB; Washington DC 20515-3221",21.0,Republican,202-225-4611,NY,rep,https://stefanik.house.gov,44.2296981,-74.43914,35
K000386,N00035934,John,Katko,1962-11-09,M,,"1620 Longworth HOB; Washington DC 20515-3224",24.0,Republican,202-225-3701,NY,rep,https://katko.house.gov,43.2020024,-77.010385,56
R000604,N00036175,Steve,Russell,1963-05-25,M,,"128 Cannon HOB; Washington DC 20515-3605",5.0,Republican,202-225-2132,OK,rep,https://russell.house.gov,35.1929114,-96.9209135,56
C001106,N00031064,Ryan,Costello,1976-09-07,M,,"326 Cannon HOB; Washington DC 20515-3806",6.0,Republican,202-225-4315,PA,rep,https://costello.house.gov,40.0010204,-75.8069082,43
B001296,N00035307,Brendan,Boyle,1977-02-06,M,,"1133 Longworth HOB; Washington DC 20515-3813",13.0,Democrat,202-225-6111,PA,rep,https://boyle.house.gov,40.1833653,-78.1108279,42
R000601,N00035972,John,Ratcliffe,1965-10-20,M,,"325 Cannon HOB; Washington DC 20515-4304",4.0,Republican,202-225-6673,TX,rep,https://ratcliffe.house.gov,33.4930394,-95.5617279,54
H001073,N00031417,Will,Hurd,1977-08-19,M,,"317 Cannon HOB; Washington DC 20515-4323",23.0,Republican,202-225-4511,TX,rep,https://hurd.house.gov,30.6623164,-102.4380581,42
B001291,N00005736,Brian,Babin,1948-03-23,M,,"316 Cannon HOB; Washington DC 20515-4336",36.0,Republican,202-225-1555,TX,rep,http://babin.house.gov,30.6322163,-94.5624426,71
L000584,N00033842,Mia,Love,1975-12-06,F,,"217 Cannon HOB; Washington DC 20515-4404",4.0,Republican,202-225-3011,UT,rep,https://love.house.gov,39.8649456,-111.9522491,43
B001292,N00036018,Donald,Beyer,1950-06-20,M,,"1119 Longworth HOB; Washington DC 20515-4608",8.0,Democrat,202-225-4376,VA,rep,http://beyer.house.gov,38.7929105,-77.1255055,69
C001105,N00036023,Barbara,Comstock,1959-06-30,F,,"229 Cannon HOB; Washington DC 20515-4610",10.0,Republican,202-225-5136,VA,rep,https://comstock.house.gov,39.076767,-77.6536125,60
P000610,N00035000,Stacey,Plaskett,1964-05-13,F,,"331 Cannon HOB; Washington DC 20515-5500",0.0,Democrat,202-225-1790,VI,rep,https://plaskett.house.gov,18.3404151,-64.9270052,55
N000189,N00036403,Dan,Newhouse,1955-07-10,M,,"1318 Longworth HOB; Washington DC 20515-4704",4.0,Republican,202-225-5816,WA,rep,https://newhouse.house.gov,48.3944503,-119.7232264,64
G000576,N00036409,Glenn,Grothman,1955-07-03,M,,"1217 Longworth HOB; Washington DC 20515-4906",6.0,Republican,202-225-2476,WI,rep,http://grothman.house.gov,43.9387921,-88.9413865,64
M001195,N00033814,Alex,Mooney,1971-06-05,M,,"1232 Longworth HOB; Washington DC 20515-4802",2.0,Republican,202-225-2711,WV,rep,https://mooney.house.gov,38.8330747,-81.3399414,48
J000297,N00035531,Evan,Jenkins,1960-09-12,M,,"1609 Longworth HOB; Washington DC 20515-4803",3.0,Republican,202-225-3452,WV,rep,https://evanjenkins.house.gov,37.8024626,-80.9871074,59
R000600,N00007635,Aumua,Amata,1947-12-29,F,,"1339 Longworth HOB; Washington DC 20515-5200",0.0,Republican,202-225-8577,AS,rep,https://radewagen.house.gov,,,71
S001198,N00035774,Dan,Sullivan,1964-11-13,M,,"702 Hart Senate Office Building Washington DC 20510",,Republican,202-224-3004,AK,sen,http://www.sullivan.senate.gov,64.2008413,-149.4936733,54
P000612,N00035516,David,Perdue,1949-12-10,M,,"383 Russell Senate Office Building Washington DC 20510",,Republican,202-224-3521,GA,sen,http://www.perdue.senate.gov,32.1656221,-82.9000751,69
E000295,N00035483,Joni,Ernst,1970-07-01,F,,"111 Russell Senate Office Building Washington DC 20510",,Republican,202-224-3254,IA,sen,http://www.ernst.senate.gov/public,41.8780025,-93.097702,49
T000476,N00035492,Thom,Tillis,1960-08-30,M,,"185 Dirksen Senate Office Building Washington DC 20510",,Republican,202-224-6342,NC,sen,https://www.tillis.senate.gov/public/index.cfm/home,35.7595731,-79.0192997,59
R000605,N00035187,Mike,Rounds,1954-10-24,M,,"502 Hart Senate Office Building Washington DC 20510",,Republican,202-224-5842,SD,sen,http://www.rounds.senate.gov,43.9695148,-99.9018131,65
W000819,N00035311,Mark,Walker,1969-05-20,M,,"1305 Longworth HOB; Washington DC 20515-3306",6.0,Republican,202-225-3065,NC,rep,https://walker.house.gov,36.4179838,-79.6502105,50
S001197,N00035544,Benjamin,Sasse,1972-02-22,M,,"386A Russell Senate Office Building Washington DC 20510",,Republican,202-224-4224,NE,sen,http://www.sasse.senate.gov/public,41.4925374,-99.9018131,47
D000625,N00036928,Daniel,Donovan,1956-11-06,M,,"1541 Longworth HOB; Washington DC 20515-3211",11.0,Republican,202-225-3371,NY,rep,https://donovan.house.gov,40.5605312,-74.1474846,62
K000388,N00037003,Trent,Kelly,1966-03-01,M,,"1721 Longworth HOB; Washington DC 20515-2401",1.0,Republican,202-225-4306,MS,rep,https://trentkelly.house.gov,34.1498692,-89.0943377,53
L000585,N00037031,Darin,LaHood,1968-07-05,M,,"1424 Longworth HOB; Washington DC 20515-1318",18.0,Republican,202-225-6201,IL,rep,https://lahood.house.gov/,40.1451772,-89.8505012,51
D000626,N00038767,Warren,Davidson,1970-03-01,M,,"1004 Longworth HOB; Washington DC 20515-3508",8.0,Republican,202-225-6205,OH,rep,,40.0898025,-84.3542049,49
H001050,N00025881,Colleen,Hanabusa,1951-05-04,F,,"422 Cannon HOB; Washington DC 20515-1101",1.0,Democrat,202-225-2726,HI,rep,https://hanabusa.house.gov/,21.3999167,-157.8808243,68
C001108,N00038260,James,Comer,1972-08-19,M,,"1513 Longworth HOB; Washington DC 20515-1701",1.0,Republican,202-225-3115,KY,rep,https://comer.house.gov/,37.0970496,-87.3810727,47
E000296,N00038450,Dwight,Evans,1954-05-16,M,,"1105 Longworth HOB; Washington DC 20515-3802",2.0,Democrat,202-225-4001,PA,rep,https://evans.house.gov/,40.0431613,-75.0377502,65
H001075,,Kamala,Harris,1964-10-20,F,,"B40B Dirksen Senate Office Building Washington DC 20510",,Democrat,202-224-3553,CA,sen,,36.778261,-119.4179324,55
K000393,,John,Kennedy,1951-11-21,M,,"B11 Russell Senate Office Building Washington DC 20510",,Republican,202-224-4623,LA,sen,,30.9842977,-91.9623327,67
H001076,,Margaret,Hassan,1958-02-27,F,,"B85 Russell Senate Office Building Washington DC 20510",,Democrat,202-224-3324,NH,sen,,43.1938516,-71.5723953,61
C001113,,Catherine,"Cortez Masto",1964-03-29,F,,"B40A Dirksen Senate Office Building Washington DC 20510",,Democrat,202-224-3542,NV,sen,,38.8026097,-116.419389,55
S001190,N00033101,Bradley,Schneider,1961-08-20,M,,"1432 Longworth HOB; Washington DC 20515-1310",10.0,Democrat,202-225-4835,IL,rep,http://schneider.house.gov,42.256422,-87.8942451,58
S001170,N00028091,Carol,Shea-Porter,1952-12-02,F,,"1530 Longworth HOB; Washington DC 20515-2901",1.0,Democrat,202-225-5456,NH,rep,http://shea-porter.house.gov,43.5949355,-71.2918184,66
O000171,,Tom,"O'Halleran",1946-01-24,M,,"126 Cannon HOB; Washington DC 20515-0301",1.0,Democrat,202-225-3361,AZ,rep,,35.13316,-110.7122465,73
B001302,,Andy,Biggs,1958-11-07,M,,"1626 Longworth HOB; Washington DC 20515-0305",5.0,Republican,202-225-2635,AZ,rep,,33.2967913,-111.7137694,60
K000389,,Ro,Khanna,1976-09-13,M,,"513 Cannon HOB; Washington DC 20515-0517",17.0,Democrat,202-225-2631,CA,rep,,37.4181525,-121.947311,43
P000613,,Jimmy,Panetta,1969-10-01,M,,"228 Cannon HOB; Washington DC 20515-0520",20.0,Democrat,202-225-2861,CA,rep,,36.3652127,-121.4456179,50
C001112,,Salud,Carbajal,1964-11-18,M,,"212 Cannon HOB; Washington DC 20515-0524",24.0,Democrat,202-225-3601,CA,rep,,34.8763372,-119.9740534,54
B001300,,Nanette,"Barragán",1976-09-15,F,,"1320 Longworth HOB; Washington DC 20515-0544",44.0,Democrat,202-225-8220,CA,rep,,33.8869396,-118.2292712,43
C001110,,J.,Correa,1958-01-24,M,,"1039 Longworth HOB; Washington DC 20515-0546",46.0,Democrat,202-225-2965,CA,rep,,33.795879,-117.8897468,61
B001303,,Lisa,"Blunt Rochester",1962-02-10,F,,"1123 Longworth HOB; Washington DC 20515-0800",0.0,Democrat,202-225-4165,DE,rep,,38.9108325,-75.5276699,57
G000578,,Matt,Gaetz,1982-05-07,M,,"507 Cannon HOB; Washington DC 20515-0901",1.0,Republican,202-225-4136,FL,rep,,30.6713142,-86.7416374,37
D000628,,Neal,Dunn,1953-02-16,M,,"423 Cannon HOB; Washington DC 20515-0902",2.0,Republican,202-225-5235,FL,rep,,30.4425376,-85.2722472,66
R000609,,John,Rutherford,1952-09-02,M,,"230 Cannon HOB; Washington DC 20515-0904",4.0,Republican,202-225-2501,FL,rep,,30.1554115,-81.4278984,67
L000586,,Al,Lawson,1948-09-21,M,,"1337 Longworth HOB; Washington DC 20515-0905",5.0,Democrat,202-225-0123,FL,rep,,30.4500257,-83.336188,71
M001202,,Stephanie,Murphy,1978-09-16,F,,"1237 Longworth HOB; Washington DC 20515-0907",7.0,Democrat,202-225-4035,FL,rep,,28.7131688,-81.2078164,41
S001200,,Darren,Soto,1978-02-25,M,,"1429 Longworth HOB; Washington DC 20515-0909",9.0,Democrat,202-225-9889,FL,rep,,28.1133809,-81.2518833,41
D000627,,Val,Demings,1957-03-12,F,,"238 Cannon HOB; Washington DC 20515-0910",10.0,Democrat,202-225-2176,FL,rep,,28.5067239,-81.6035062,62
C001111,,Charlie,Crist,1956-07-24,M,,"427 Cannon HOB; Washington DC 20515-0913",13.0,Democrat,202-225-5961,FL,rep,,27.876394,-82.7778579,63
M001199,,Brian,Mast,1980-07-10,M,,"2182 Rayburn HOB; Washington DC 20515-0918",18.0,Republican,202-225-3026,FL,rep,,27.1240412,-80.365865,39
R000607,,Francis,Rooney,1953-12-04,M,,"120 Cannon HOB; Washington DC 20515-0919",19.0,Republican,202-225-2536,FL,rep,,26.4656319,-81.7787021,65
F000465,,A.,Ferguson,1967-11-15,M,,"1032 Longworth HOB; Washington DC 20515-1003",3.0,Republican,202-225-5901,GA,rep,,33.1494063,-84.7733325,51
K000391,,Raja,Krishnamoorthi,1973-07-19,M,,"515 Cannon HOB; Washington DC 20515-1308",8.0,Democrat,202-225-3711,IL,rep,,42.0233974,-88.1291387,46
B001299,,Jim,Banks,1979-07-16,M,,"509 Cannon HOB; Washington DC 20515-1403",3.0,Republican,202-225-4436,IN,rep,,41.016371,-85.1064373,40
H001074,,Trey,Hollingsworth,1983-09-12,M,,"1641 Longworth HOB; Washington DC 20515-1409",9.0,Republican,202-225-5315,IN,rep,,38.7554745,-86.0937312,36
M001198,,Roger,Marshall,1960-08-09,M,,"312 Cannon HOB; Washington DC 20515-1601",1.0,Republican,202-225-2715,KS,rep,,38.8997304,-99.9018131,59
H001077,,Clay,Higgins,1961-08-24,M,,"1711 Longworth HOB; Washington DC 20515-1803",3.0,Republican,202-225-2031,LA,rep,,29.9540304,-92.302446,58
J000299,,Mike,Johnson,1972-01-30,M,,"327 Cannon HOB; Washington DC 20515-1804",4.0,Republican,202-225-2777,LA,rep,,31.946946,-93.4195527,47
B001304,,Anthony,Brown,1961-11-21,M,,"1505 Longworth HOB; Washington DC 20515-2004",4.0,Democrat,202-225-8699,MD,rep,,38.920877,-76.8028933,57
R000606,,Jamie,Raskin,1962-12-13,M,,"431 Cannon HOB; Washington DC 20515-2008",8.0,Democrat,202-225-5341,MD,rep,,39.3999909,-77.2405153,56
B001301,,Jack,Bergman,1947-02-02,M,,"414 Cannon HOB; Washington DC 20515-2201",1.0,Republican,202-225-4735,MI,rep,,45.5126545,-85.5095481,72
M001201,,Paul,Mitchell,,M,,"211 Cannon HOB; Washington DC 20515-2210",10.0,Republican,202-225-2106,MI,rep,,43.4069041,-82.7347142,
L000587,,Jason,Lewis,1995-09-23,M,,"418 Cannon HOB; Washington DC 20515-2302",2.0,Republican,202-225-2271,MN,rep,,44.5125294,-92.9375739,24
B001305,,Ted,Budd,1971-10-21,M,,"118 Cannon HOB; Washington DC 20515-3313",13.0,Republican,202-225-4531,NC,rep,,35.803543,-80.543845,48
B001298,,Don,Bacon,1963-08-16,M,,"1516 Longworth HOB; Washington DC 20515-2702",2.0,Republican,202-225-4155,NE,rep,,41.1970113,-96.1526985,56
G000583,,Josh,Gottheimer,1975-03-08,M,,"213 Cannon HOB; Washington DC 20515-3005",5.0,Democrat,202-225-4465,NJ,rep,,41.0958261,-74.7337069,44
R000608,,Jacky,Rosen,,F,,"413 Cannon HOB; Washington DC 20515-2803",3.0,Democrat,202-225-3252,NV,rep,,35.7527475,-115.094045,
K000390,,Ruben,Kihuen,1980-04-25,M,,"313 Cannon HOB; Washington DC 20515-2804",4.0,Democrat,202-225-9894,NV,rep,,37.8956594,-114.9042208,39
S001201,,Thomas,Suozzi,1962-08-31,M,,"226 Cannon HOB; Washington DC 20515-3203",3.0,Democrat,202-225-3335,NY,rep,,40.845059,-73.5122928,57
E000297,,Adriano,Espaillat,1954-09-27,M,,"1630 Longworth HOB; Washington DC 20515-3213",13.0,Democrat,202-225-4365,NY,rep,,40.8430297,-73.9418603,65
F000464,,John,Faso,1952-08-25,M,,"1616 Longworth HOB; Washington DC 20515-3219",19.0,Republican,202-225-5614,NY,rep,,42.2582604,-74.4056612,67
T000478,,Claudia,Tenney,1961-02-04,F,,"512 Cannon HOB; Washington DC 20515-3222",22.0,Republican,202-225-3665,NY,rep,,43.0212373,-75.5276699,58
F000466,,Brian,Fitzpatrick,1973-12-17,M,,"514 Cannon HOB; Washington DC 20515-3808",8.0,Republican,202-225-4276,PA,rep,,41.3849477,-75.4344727,45
S001199,,Lloyd,Smucker,1964-01-23,M,,"516 Cannon HOB; Washington DC 20515-3816",16.0,Republican,202-225-2411,PA,rep,,41.6661391,-80.2767327,55
G000582,,Jenniffer,"González-Colón",1976-08-05,F,,"1529 Longworth HOB; Washington DC 20515-5401",0.0,Republican,202-225-2615,PR,rep,,18.4238478,-66.0648787,43
K000392,,David,Kustoff,1966-10-08,M,,"508 Cannon HOB; Washington DC 20515-4208",8.0,Republican,202-225-4714,TN,rep,,35.7383405,-89.2467191,53
G000581,,Vicente,Gonzalez,1967-09-04,M,,"113 Cannon HOB; Washington DC 20515-4315",15.0,Democrat,202-225-2531,TX,rep,,27.7633234,-98.3964938,52
A000375,,Jodey,Arrington,1972-03-09,M,,"1029 Longworth HOB; Washington DC 20515-4319",19.0,Republican,202-225-4005,TX,rep,,32.9533028,-100.9807003,47
T000477,,Scott,Taylor,1979-06-27,M,,"412 Cannon HOB; Washington DC 20515-4602",2.0,Republican,202-225-4215,VA,rep,,37.6342317,-75.8998674,40
M001200,,A.,McEachin,1961-10-10,M,,"314 Cannon HOB; Washington DC 20515-4604",4.0,Democrat,202-225-6365,VA,rep,,36.7936335,-77.3783789,58
G000580,,Thomas,Garrett,1972-03-27,M,,"415 Cannon HOB; Washington DC 20515-4605",5.0,Republican,202-225-4711,VA,rep,,37.2450279,-78.4751945,47
J000298,,Pramila,Jayapal,1965-09-21,F,,"319 Cannon HOB; Washington DC 20515-4707",7.0,Democrat,202-225-3106,WA,rep,,47.6297466,-122.3515701,54
G000579,,Mike,Gallagher,1984-03-03,M,,"1007 Longworth HOB; Washington DC 20515-4908",8.0,Republican,202-225-5665,WI,rep,,44.6905207,-88.4791376,35
C001109,,Liz,Cheney,1966-07-28,F,,"416 Cannon HOB; Washington DC 20515-5000",0.0,Republican,202-225-2311,WY,rep,,42.8497248,-106.3233576,53
